date,egp_usd_rate,cbe_corridor_rate,risk_free_rate_eg,inflation_rate
1/1/2020,15.73899206,0.0925,0.1225,0.06
1/2/2020,15.68914625,0.0925,0.1225,0.06
1/3/2020,15.75084355,0.0925,0.1225,0.06
1/4/2020,15.81955784,0.0925,0.1225,0.06
1/5/2020,15.68161896,0.0925,0.1225,0.06
1/6/2020,15.68162025,0.0925,0.1225,0.06
1/7/2020,15.82396821,0.0925,0.1225,0.06
1/8/2020,15.76024363,0.0925,0.1225,0.06
1/9/2020,15.66314626,0.0925,0.1225,0.06
1/10/2020,15.74259096,0.0925,0.1225,0.06
1/11/2020,15.66362171,0.0925,0.1225,0.06
1/12/2020,15.66344021,0.0925,0.1225,0.06
1/13/2020,15.71899404,0.0925,0.1225,0.06
1/14/2020,15.5498075,0.0925,0.1225,0.06
1/15/2020,15.56459395,0.0925,0.1225,0.06
1/16/2020,15.65586043,0.0925,0.1225,0.06
1/17/2020,15.62049276,0.0925,0.1225,0.06
1/18/2020,15.72466842,0.0925,0.1225,0.06
1/19/2020,15.62872011,0.0925,0.1225,0.06
1/20/2020,15.58913416,0.0925,0.1225,0.06
1/21/2020,15.81505343,0.0925,0.1225,0.06
1/22/2020,15.68227656,0.0925,0.1225,0.06
1/23/2020,15.70530096,0.0925,0.1225,0.06
1/24/2020,15.58815727,0.0925,0.1225,0.06
1/25/2020,15.65726596,0.0925,0.1225,0.06
1/26/2020,15.70870742,0.0925,0.1225,0.06
1/27/2020,15.609647,0.0925,0.1225,0.06
1/28/2020,15.72949229,0.0925,0.1225,0.06
1/29/2020,15.65284986,0.0925,0.1225,0.06
1/30/2020,15.67710204,0.0925,0.1225,0.06
1/31/2020,15.65276603,0.0925,0.1225,0.06
2/1/2020,15.84540384,0.0925,0.1225,0.06
2/2/2020,15.69894047,0.0925,0.1225,0.06
2/3/2020,15.61696969,0.0925,0.1225,0.06
2/4/2020,15.76456978,0.0925,0.1225,0.06
2/5/2020,15.60416377,0.0925,0.1225,0.06
2/6/2020,15.71639579,0.0925,0.1225,0.06
2/7/2020,15.5461659,0.0925,0.1225,0.06
2/8/2020,15.5957374,0.0925,0.1225,0.06
2/9/2020,15.71545361,0.0925,0.1225,0.06
2/10/2020,15.75796963,0.0925,0.1225,0.06
2/11/2020,15.71345241,0.0925,0.1225,0.06
2/12/2020,15.69092161,0.0925,0.1225,0.06
2/13/2020,15.67636336,0.0925,0.1225,0.06
2/14/2020,15.58393602,0.0925,0.1225,0.06
2/15/2020,15.64349223,0.0925,0.1225,0.06
2/16/2020,15.66383986,0.0925,0.1225,0.06
2/17/2020,15.78298409,0.0925,0.1225,0.06
2/18/2020,15.72697404,0.0925,0.1225,0.06
2/19/2020,15.56160135,0.0925,0.1225,0.06
2/20/2020,15.72544059,0.0925,0.1225,0.06
2/21/2020,15.66977104,0.0925,0.1225,0.06
2/22/2020,15.64686162,0.0925,0.1225,0.06
2/23/2020,15.74801659,0.0925,0.1225,0.06
2/24/2020,15.78093346,0.0925,0.1225,0.06
2/25/2020,15.77310549,0.0925,0.1225,0.06
2/26/2020,15.63412142,0.0925,0.1225,0.06
2/27/2020,15.67572683,0.0925,0.1225,0.06
2/28/2020,15.72600418,0.0925,0.1225,0.06
2/29/2020,15.77658029,0.0925,0.1225,0.06
3/1/2020,15.66238482,0.0925,0.1225,0.06
3/2/2020,15.68542577,0.0925,0.1225,0.06
3/3/2020,15.6131527,0.0925,0.1225,0.06
3/4/2020,15.60609778,0.0925,0.1225,0.06
3/5/2020,15.76378328,0.0925,0.1225,0.06
3/6/2020,15.80646484,0.0925,0.1225,0.06
3/7/2020,15.69434721,0.0925,0.1225,0.06
3/8/2020,15.77877733,0.0925,0.1225,0.06
3/9/2020,15.72838843,0.0925,0.1225,0.06
3/10/2020,15.6493581,0.0925,0.1225,0.06
3/11/2020,15.72836956,0.0925,0.1225,0.06
3/12/2020,15.82073587,0.0925,0.1225,0.06
3/13/2020,15.69718766,0.0925,0.1225,0.06
3/14/2020,15.82282453,0.0925,0.1225,0.06
3/15/2020,15.49435001,0.0925,0.1225,0.06
3/16/2020,15.76451935,0.0925,0.1225,0.06
3/17/2020,15.70683319,0.0925,0.1225,0.06
3/18/2020,15.67652792,0.0925,0.1225,0.06
3/19/2020,15.70720322,0.0925,0.1225,0.06
3/20/2020,15.54397584,0.0925,0.1225,0.06
3/21/2020,15.68275576,0.0925,0.1225,0.06
3/22/2020,15.72803334,0.0925,0.1225,0.06
3/23/2020,15.81601468,0.0925,0.1225,0.06
3/24/2020,15.65931579,0.0925,0.1225,0.06
3/25/2020,15.63653325,0.0925,0.1225,0.06
3/26/2020,15.66061207,0.0925,0.1225,0.06
3/27/2020,15.77185907,0.0925,0.1225,0.06
3/28/2020,15.72580696,0.0925,0.1225,0.06
3/29/2020,15.65841382,0.0925,0.1225,0.06
3/30/2020,15.74029149,0.0925,0.1225,0.06
3/31/2020,15.70762059,0.0925,0.1225,0.06
4/1/2020,15.77603863,0.0925,0.1225,0.06
4/2/2020,15.64488883,0.0925,0.1225,0.06
4/3/2020,15.67427852,0.0925,0.1225,0.06
4/4/2020,15.66921951,0.0925,0.1225,0.06
4/5/2020,15.58511408,0.0925,0.1225,0.06
4/6/2020,15.72324544,0.0925,0.1225,0.06
4/7/2020,15.72049284,0.0925,0.1225,0.06
4/8/2020,15.70040141,0.0925,0.1225,0.06
4/9/2020,15.68158491,0.0925,0.1225,0.06
4/10/2020,15.5888934,0.0925,0.1225,0.06
4/11/2020,15.66697934,0.0925,0.1225,0.06
4/12/2020,15.67309691,0.0925,0.1225,0.06
4/13/2020,15.63702123,0.0925,0.1225,0.06
4/14/2020,15.68733907,0.0925,0.1225,0.06
4/15/2020,15.73171799,0.0925,0.1225,0.06
4/16/2020,15.84806559,0.0925,0.1225,0.06
4/17/2020,15.71370436,0.0925,0.1225,0.06
4/18/2020,15.72021771,0.0925,0.1225,0.06
4/19/2020,15.694156,0.0925,0.1225,0.06
4/20/2020,15.54937646,0.0925,0.1225,0.06
4/21/2020,15.69791866,0.0925,0.1225,0.06
4/22/2020,15.70472807,0.0925,0.1225,0.06
4/23/2020,15.89336451,0.0925,0.1225,0.06
4/24/2020,15.68489966,0.0925,0.1225,0.06
4/25/2020,15.72367147,0.0925,0.1225,0.06
4/26/2020,15.69727513,0.0925,0.1225,0.06
4/27/2020,15.60825877,0.0925,0.1225,0.06
4/28/2020,15.78971159,0.0925,0.1225,0.06
4/29/2020,15.75902674,0.0925,0.1225,0.06
4/30/2020,15.76209601,0.0925,0.1225,0.06
5/1/2020,15.62861308,0.0925,0.1225,0.06
5/2/2020,15.81011935,0.0925,0.1225,0.06
5/3/2020,15.58995469,0.0925,0.1225,0.06
5/4/2020,15.74606828,0.0925,0.1225,0.06
5/5/2020,15.87195077,0.0925,0.1225,0.06
5/6/2020,15.6222429,0.0925,0.1225,0.06
5/7/2020,15.65554563,0.0925,0.1225,0.06
5/8/2020,15.70782263,0.0925,0.1225,0.06
5/9/2020,15.66047716,0.0925,0.1225,0.06
5/10/2020,15.57827292,0.0925,0.1225,0.06
5/11/2020,15.70538219,0.0925,0.1225,0.06
5/12/2020,15.61660916,0.0925,0.1225,0.06
5/13/2020,15.73717701,0.0925,0.1225,0.06
5/14/2020,15.6278252,0.0925,0.1225,0.06
5/15/2020,15.82166985,0.0925,0.1225,0.06
5/16/2020,15.63851462,0.0925,0.1225,0.06
5/17/2020,15.67471817,0.0925,0.1225,0.06
5/18/2020,15.7638611,0.0925,0.1225,0.06
5/19/2020,15.60337715,0.0925,0.1225,0.06
5/20/2020,15.7178556,0.0925,0.1225,0.06
5/21/2020,15.80261071,0.0925,0.1225,0.06
5/22/2020,15.57381257,0.0925,0.1225,0.06
5/23/2020,15.71449376,0.0925,0.1225,0.06
5/24/2020,15.7204008,0.0925,0.1225,0.06
5/25/2020,15.7613731,0.0925,0.1225,0.06
5/26/2020,15.60289937,0.0925,0.1225,0.06
5/27/2020,15.59634416,0.0925,0.1225,0.06
5/28/2020,15.74097241,0.0925,0.1225,0.06
5/29/2020,15.7233133,0.0925,0.1225,0.06
5/30/2020,15.71966369,0.0925,0.1225,0.06
5/31/2020,15.72719618,0.0925,0.1225,0.06
6/1/2020,15.64661806,0.0925,0.1225,0.06
6/2/2020,15.71823192,0.0925,0.1225,0.06
6/3/2020,15.72300619,0.0925,0.1225,0.06
6/4/2020,15.64392341,0.0925,0.1225,0.06
6/5/2020,15.8464633,0.0925,0.1225,0.06
6/6/2020,15.73719588,0.0925,0.1225,0.06
6/7/2020,15.60648268,0.0925,0.1225,0.06
6/8/2020,15.75153946,0.0925,0.1225,0.06
6/9/2020,15.62348749,0.0925,0.1225,0.06
6/10/2020,15.76178614,0.0925,0.1225,0.06
6/11/2020,15.79094975,0.0925,0.1225,0.06
6/12/2020,15.63557644,0.0925,0.1225,0.06
6/13/2020,15.77562503,0.0925,0.1225,0.06
6/14/2020,15.7324033,0.0925,0.1225,0.06
6/15/2020,15.76453172,0.0925,0.1225,0.06
6/16/2020,15.84889825,0.0925,0.1225,0.06
6/17/2020,15.68073703,0.0925,0.1225,0.06
6/18/2020,15.64083171,0.0925,0.1225,0.06
6/19/2020,15.63017312,0.0925,0.1225,0.06
6/20/2020,15.63595889,0.0925,0.1225,0.06
6/21/2020,15.69394752,0.0925,0.1225,0.06
6/22/2020,15.72678043,0.0925,0.1225,0.06
6/23/2020,15.72172023,0.0925,0.1225,0.06
6/24/2020,15.76493389,0.0925,0.1225,0.06
6/25/2020,15.70102065,0.0925,0.1225,0.06
6/26/2020,15.81410243,0.0925,0.1225,0.06
6/27/2020,15.67922444,0.0925,0.1225,0.06
6/28/2020,15.91353328,0.0925,0.1225,0.06
6/29/2020,15.74911489,0.0925,0.1225,0.06
6/30/2020,15.63271313,0.0925,0.1225,0.06
7/1/2020,15.61593494,0.0925,0.1225,0.06
7/2/2020,15.73787408,0.0925,0.1225,0.06
7/3/2020,15.68245817,0.0925,0.1225,0.06
7/4/2020,15.75604904,0.0925,0.1225,0.06
7/5/2020,15.73714915,0.0925,0.1225,0.06
7/6/2020,15.69428293,0.0925,0.1225,0.06
7/7/2020,15.63352669,0.0925,0.1225,0.06
7/8/2020,15.58108449,0.0925,0.1225,0.06
7/9/2020,15.66494858,0.0925,0.1225,0.06
7/10/2020,15.76722731,0.0925,0.1225,0.06
7/11/2020,15.71680636,0.0925,0.1225,0.06
7/12/2020,15.60220951,0.0925,0.1225,0.06
7/13/2020,15.7135947,0.0925,0.1225,0.06
7/14/2020,15.73024741,0.0925,0.1225,0.06
7/15/2020,15.63061719,0.0925,0.1225,0.06
7/16/2020,15.71206742,0.0925,0.1225,0.06
7/17/2020,15.70456938,0.0925,0.1225,0.06
7/18/2020,15.61027683,0.0925,0.1225,0.06
7/19/2020,15.72808631,0.0925,0.1225,0.06
7/20/2020,15.74402159,0.0925,0.1225,0.06
7/21/2020,15.78501952,0.0925,0.1225,0.06
7/22/2020,15.78272346,0.0925,0.1225,0.06
7/23/2020,15.59185295,0.0925,0.1225,0.06
7/24/2020,15.62638073,0.0925,0.1225,0.06
7/25/2020,15.74043027,0.0925,0.1225,0.06
7/26/2020,15.7403322,0.0925,0.1225,0.06
7/27/2020,15.74043124,0.0925,0.1225,0.06
7/28/2020,16.00243942,0.0925,0.1225,0.06
7/29/2020,15.74481491,0.0925,0.1225,0.06
7/30/2020,15.7891419,0.0925,0.1225,0.06
7/31/2020,15.77488914,0.0925,0.1225,0.06
8/1/2020,15.75113421,0.0925,0.1225,0.06
8/2/2020,15.67525136,0.0925,0.1225,0.06
8/3/2020,15.75957908,0.0925,0.1225,0.06
8/4/2020,15.63933322,0.0925,0.1225,0.06
8/5/2020,15.68140974,0.0925,0.1225,0.06
8/6/2020,15.66189896,0.0925,0.1225,0.06
8/7/2020,15.70642712,0.0925,0.1225,0.06
8/8/2020,15.8817007,0.0925,0.1225,0.06
8/9/2020,15.55341968,0.0925,0.1225,0.06
8/10/2020,15.75387142,0.0925,0.1225,0.06
8/11/2020,15.5734018,0.0925,0.1225,0.06
8/12/2020,15.66295335,0.0925,0.1225,0.06
8/13/2020,15.78548262,0.0925,0.1225,0.06
8/14/2020,15.70504598,0.0925,0.1225,0.06
8/15/2020,15.61539703,0.0925,0.1225,0.06
8/16/2020,15.64384866,0.0925,0.1225,0.06
8/17/2020,15.75334842,0.0925,0.1225,0.06
8/18/2020,15.64266622,0.0925,0.1225,0.06
8/19/2020,15.716992,0.0925,0.1225,0.06
8/20/2020,15.70357739,0.0925,0.1225,0.06
8/21/2020,15.64884937,0.0925,0.1225,0.06
8/22/2020,15.86829961,0.0925,0.1225,0.06
8/23/2020,15.74976264,0.0925,0.1225,0.06
8/24/2020,15.54102631,0.0925,0.1225,0.06
8/25/2020,15.71463666,0.0925,0.1225,0.06
8/26/2020,15.64804976,0.0925,0.1225,0.06
8/27/2020,15.76691602,0.0925,0.1225,0.06
8/28/2020,15.63778712,0.0925,0.1225,0.06
8/29/2020,15.69099319,0.0925,0.1225,0.06
8/30/2020,15.7396415,0.0925,0.1225,0.06
8/31/2020,15.76796178,0.0925,0.1225,0.06
9/1/2020,15.60577673,0.0925,0.1225,0.06
9/2/2020,15.67374165,0.0925,0.1225,0.06
9/3/2020,15.66271679,0.0925,0.1225,0.06
9/4/2020,15.64871366,0.0925,0.1225,0.06
9/5/2020,15.83858816,0.0925,0.1225,0.06
9/6/2020,15.73179106,0.0925,0.1225,0.06
9/7/2020,15.60102061,0.0925,0.1225,0.06
9/8/2020,15.77205216,0.0925,0.1225,0.06
9/9/2020,15.86658926,0.0925,0.1225,0.06
9/10/2020,15.78104852,0.0925,0.1225,0.06
9/11/2020,15.58072946,0.0925,0.1225,0.06
9/12/2020,15.66198763,0.0925,0.1225,0.06
9/13/2020,15.79945253,0.0925,0.1225,0.06
9/14/2020,15.64444795,0.0925,0.1225,0.06
9/15/2020,15.73483983,0.0925,0.1225,0.06
9/16/2020,15.76080877,0.0925,0.1225,0.06
9/17/2020,15.62723596,0.0925,0.1225,0.06
9/18/2020,15.69532726,0.0925,0.1225,0.06
9/19/2020,15.44556051,0.0925,0.1225,0.06
9/20/2020,15.61958557,0.0925,0.1225,0.06
9/21/2020,15.6801734,0.0925,0.1225,0.06
9/22/2020,15.60204902,0.0925,0.1225,0.06
9/23/2020,15.82814429,0.0925,0.1225,0.06
9/24/2020,15.5877339,0.0925,0.1225,0.06
9/25/2020,15.66545651,0.0925,0.1225,0.06
9/26/2020,15.71026314,0.0925,0.1225,0.06
9/27/2020,15.81313995,0.0925,0.1225,0.06
9/28/2020,15.58728482,0.0925,0.1225,0.06
9/29/2020,15.79130835,0.0925,0.1225,0.06
9/30/2020,15.7008033,0.0925,0.1225,0.06
10/1/2020,15.62295157,0.0925,0.1225,0.06
10/2/2020,15.73627512,0.0925,0.1225,0.06
10/3/2020,15.71562619,0.0925,0.1225,0.06
10/4/2020,15.65288298,0.0925,0.1225,0.06
10/5/2020,15.70547946,0.0925,0.1225,0.06
10/6/2020,15.66975288,0.0925,0.1225,0.06
10/7/2020,15.70891111,0.0925,0.1225,0.06
10/8/2020,15.75197726,0.0925,0.1225,0.06
10/9/2020,15.82450232,0.0925,0.1225,0.06
10/10/2020,15.60283148,0.0925,0.1225,0.06
10/11/2020,15.86744312,0.0925,0.1225,0.06
10/12/2020,15.54676111,0.0925,0.1225,0.06
10/13/2020,15.68808487,0.0925,0.1225,0.06
10/14/2020,15.7461829,0.0925,0.1225,0.06
10/15/2020,15.72205786,0.0925,0.1225,0.06
10/16/2020,15.65111809,0.0925,0.1225,0.06
10/17/2020,15.6836624,0.0925,0.1225,0.06
10/18/2020,15.66129943,0.0925,0.1225,0.06
10/19/2020,15.65373487,0.0925,0.1225,0.06
10/20/2020,15.76669376,0.0925,0.1225,0.06
10/21/2020,15.72802572,0.0925,0.1225,0.06
10/22/2020,15.6456066,0.0925,0.1225,0.06
10/23/2020,15.77061859,0.0925,0.1225,0.06
10/24/2020,15.72412301,0.0925,0.1225,0.06
10/25/2020,15.76380968,0.0925,0.1225,0.06
10/26/2020,15.74942586,0.0925,0.1225,0.06
10/27/2020,15.63492389,0.0925,0.1225,0.06
10/28/2020,15.65602579,0.0925,0.1225,0.06
10/29/2020,15.75866255,0.0925,0.1225,0.06
10/30/2020,15.74791407,0.0925,0.1225,0.06
10/31/2020,15.69835922,0.0925,0.1225,0.06
11/1/2020,15.7092102,0.0925,0.1225,0.06
11/2/2020,15.80029669,0.0925,0.1225,0.06
11/3/2020,15.65356165,0.0925,0.1225,0.06
11/4/2020,15.74294714,0.0925,0.1225,0.06
11/5/2020,15.68412788,0.0925,0.1225,0.06
11/6/2020,15.68291203,0.0925,0.1225,0.06
11/7/2020,15.78625398,0.0925,0.1225,0.06
11/8/2020,15.76479518,0.0925,0.1225,0.06
11/9/2020,15.76386051,0.0925,0.1225,0.06
11/10/2020,15.80248009,0.0925,0.1225,0.06
11/11/2020,15.7016488,0.0925,0.1225,0.06
11/12/2020,15.75353331,0.0925,0.1225,0.06
11/13/2020,15.67564406,0.0925,0.1225,0.06
11/14/2020,15.72544706,0.0925,0.1225,0.06
11/15/2020,15.68978377,0.0925,0.1225,0.06
11/16/2020,15.70761418,0.0925,0.1225,0.06
11/17/2020,15.74671983,0.0925,0.1225,0.06
11/18/2020,15.63576968,0.0925,0.1225,0.06
11/19/2020,15.8642524,0.0925,0.1225,0.06
11/20/2020,15.62102764,0.0925,0.1225,0.06
11/21/2020,15.60468619,0.0925,0.1225,0.06
11/22/2020,15.7909117,0.0925,0.1225,0.06
11/23/2020,15.76214552,0.0925,0.1225,0.06
11/24/2020,15.74899341,0.0925,0.1225,0.06
11/25/2020,15.74932512,0.0925,0.1225,0.06
11/26/2020,15.69903863,0.0925,0.1225,0.06
11/27/2020,15.62956553,0.0925,0.1225,0.06
11/28/2020,15.70595066,0.0925,0.1225,0.06
11/29/2020,15.64684281,0.0925,0.1225,0.06
11/30/2020,15.7765469,0.0925,0.1225,0.06
12/1/2020,15.688456,0.0925,0.1225,0.06
12/2/2020,15.63519847,0.0925,0.1225,0.06
12/3/2020,15.67477121,0.0925,0.1225,0.06
12/4/2020,15.73241512,0.0925,0.1225,0.06
12/5/2020,15.65574762,0.0925,0.1225,0.06
12/6/2020,15.6354557,0.0925,0.1225,0.06
12/7/2020,15.71912945,0.0925,0.1225,0.06
12/8/2020,15.71922988,0.0925,0.1225,0.06
12/9/2020,15.66020496,0.0925,0.1225,0.06
12/10/2020,15.66302349,0.0925,0.1225,0.06
12/11/2020,15.71821592,0.0925,0.1225,0.06
12/12/2020,15.58632538,0.0925,0.1225,0.06
12/13/2020,15.58951409,0.0925,0.1225,0.06
12/14/2020,15.64360213,0.0925,0.1225,0.06
12/15/2020,15.6832444,0.0925,0.1225,0.06
12/16/2020,15.72440624,0.0925,0.1225,0.06
12/17/2020,15.81581546,0.0925,0.1225,0.06
12/18/2020,15.76732628,0.0925,0.1225,0.06
12/19/2020,15.68744483,0.0925,0.1225,0.06
12/20/2020,15.69850723,0.0925,0.1225,0.06
12/21/2020,15.62130144,0.0925,0.1225,0.06
12/22/2020,15.69854672,0.0925,0.1225,0.06
12/23/2020,15.6773403,0.0925,0.1225,0.06
12/24/2020,15.72533341,0.0925,0.1225,0.06
12/25/2020,15.63506237,0.0925,0.1225,0.06
12/26/2020,15.7407687,0.0925,0.1225,0.06
12/27/2020,15.82032,0.0925,0.1225,0.06
12/28/2020,15.69146233,0.0925,0.1225,0.06
12/29/2020,15.73153437,0.0925,0.1225,0.06
12/30/2020,15.7541763,0.0925,0.1225,0.06
12/31/2020,15.66850419,0.0925,0.1225,0.06
1/1/2021,15.71759126,0.0925,0.1225,0.06
1/2/2021,15.7009885,0.0925,0.1225,0.06
1/3/2021,15.70766757,0.0925,0.1225,0.06
1/4/2021,15.63931873,0.0925,0.1225,0.06
1/5/2021,15.70192405,0.0925,0.1225,0.06
1/6/2021,15.73909287,0.0925,0.1225,0.06
1/7/2021,15.81391477,0.0925,0.1225,0.06
1/8/2021,15.77530276,0.0925,0.1225,0.06
1/9/2021,15.86902482,0.0925,0.1225,0.06
1/10/2021,15.63976322,0.0925,0.1225,0.06
1/11/2021,15.76847717,0.0925,0.1225,0.06
1/12/2021,15.71439235,0.0925,0.1225,0.06
1/13/2021,15.87189953,0.0925,0.1225,0.06
1/14/2021,15.63654858,0.0925,0.1225,0.06
1/15/2021,15.63408184,0.0925,0.1225,0.06
1/16/2021,15.65294768,0.0925,0.1225,0.06
1/17/2021,15.53327419,0.0925,0.1225,0.06
1/18/2021,15.65872823,0.0925,0.1225,0.06
1/19/2021,15.64040809,0.0925,0.1225,0.06
1/20/2021,15.71180591,0.0925,0.1225,0.06
1/21/2021,15.72682784,0.0925,0.1225,0.06
1/22/2021,15.84727941,0.0925,0.1225,0.06
1/23/2021,15.77460827,0.0925,0.1225,0.06
1/24/2021,15.65471306,0.0925,0.1225,0.06
1/25/2021,15.62947445,0.0925,0.1225,0.06
1/26/2021,15.73861565,0.0925,0.1225,0.06
1/27/2021,15.59636169,0.0925,0.1225,0.06
1/28/2021,15.84376951,0.0925,0.1225,0.06
1/29/2021,15.79258605,0.0925,0.1225,0.06
1/30/2021,15.66316971,0.0925,0.1225,0.06
1/31/2021,15.56551894,0.0925,0.1225,0.06
2/1/2021,15.80627898,0.0925,0.1225,0.06
2/2/2021,15.69100862,0.0925,0.1225,0.06
2/3/2021,15.79716858,0.0925,0.1225,0.06
2/4/2021,15.57483743,0.0925,0.1225,0.06
2/5/2021,15.65294906,0.0925,0.1225,0.06
2/6/2021,15.70041163,0.0925,0.1225,0.06
2/7/2021,15.70368798,0.0925,0.1225,0.06
2/8/2021,15.66466986,0.0925,0.1225,0.06
2/9/2021,15.74889372,0.0925,0.1225,0.06
2/10/2021,15.6161918,0.0925,0.1225,0.06
2/11/2021,15.68882321,0.0925,0.1225,0.06
2/12/2021,15.70944321,0.0925,0.1225,0.06
2/13/2021,15.74038345,0.0925,0.1225,0.06
2/14/2021,15.75586177,0.0925,0.1225,0.06
2/15/2021,15.6117156,0.0925,0.1225,0.06
2/16/2021,15.57957204,0.0925,0.1225,0.06
2/17/2021,15.80029763,0.0925,0.1225,0.06
2/18/2021,15.72608665,0.0925,0.1225,0.06
2/19/2021,15.64124381,0.0925,0.1225,0.06
2/20/2021,15.82176543,0.0925,0.1225,0.06
2/21/2021,15.70908046,0.0925,0.1225,0.06
2/22/2021,15.79257483,0.0925,0.1225,0.06
2/23/2021,15.7053002,0.0925,0.1225,0.06
2/24/2021,15.86176871,0.0925,0.1225,0.06
2/25/2021,15.83779426,0.0925,0.1225,0.06
2/26/2021,15.68045631,0.0925,0.1225,0.06
2/27/2021,15.77626832,0.0925,0.1225,0.06
2/28/2021,15.75066201,0.0925,0.1225,0.06
3/1/2021,15.80743758,0.0925,0.1225,0.06
3/2/2021,15.62425351,0.0925,0.1225,0.06
3/3/2021,15.75385504,0.0925,0.1225,0.06
3/4/2021,15.78308632,0.0925,0.1225,0.06
3/5/2021,15.56193895,0.0925,0.1225,0.06
3/6/2021,15.60711421,0.0925,0.1225,0.06
3/7/2021,15.53992027,0.0925,0.1225,0.06
3/8/2021,15.67885156,0.0925,0.1225,0.06
3/9/2021,15.75632707,0.0925,0.1225,0.06
3/10/2021,15.81793503,0.0925,0.1225,0.06
3/11/2021,15.70581644,0.0925,0.1225,0.06
3/12/2021,15.82784632,0.0925,0.1225,0.06
3/13/2021,15.59166204,0.0925,0.1225,0.06
3/14/2021,15.56628448,0.0925,0.1225,0.06
3/15/2021,15.69563951,0.0925,0.1225,0.06
3/16/2021,15.73014914,0.0925,0.1225,0.06
3/17/2021,15.69743346,0.0925,0.1225,0.06
3/18/2021,15.5377058,0.0925,0.1225,0.06
3/19/2021,15.69300408,0.0925,0.1225,0.06
3/20/2021,15.59759914,0.0925,0.1225,0.06
3/21/2021,15.7525693,0.0925,0.1225,0.06
3/22/2021,15.72877796,0.0925,0.1225,0.06
3/23/2021,15.62621944,0.0925,0.1225,0.06
3/24/2021,15.65966145,0.0925,0.1225,0.06
3/25/2021,15.61685174,0.0925,0.1225,0.06
3/26/2021,15.69507969,0.0925,0.1225,0.06
3/27/2021,15.77497867,0.0925,0.1225,0.06
3/28/2021,15.62262051,0.0925,0.1225,0.06
3/29/2021,15.73956765,0.0925,0.1225,0.06
3/30/2021,15.65837478,0.0925,0.1225,0.06
3/31/2021,15.63775948,0.0925,0.1225,0.06
4/1/2021,15.69159812,0.0925,0.1225,0.06
4/2/2021,15.61873348,0.0925,0.1225,0.06
4/3/2021,15.65653853,0.0925,0.1225,0.06
4/4/2021,15.60596659,0.0925,0.1225,0.06
4/5/2021,15.85423092,0.0925,0.1225,0.06
4/6/2021,15.70276819,0.0925,0.1225,0.06
4/7/2021,15.64507155,0.0925,0.1225,0.06
4/8/2021,15.71679742,0.0925,0.1225,0.06
4/9/2021,15.69118225,0.0925,0.1225,0.06
4/10/2021,15.68265389,0.0925,0.1225,0.06
4/11/2021,15.74821209,0.0925,0.1225,0.06
4/12/2021,15.75946436,0.0925,0.1225,0.06
4/13/2021,15.65835566,0.0925,0.1225,0.06
4/14/2021,15.65479827,0.0925,0.1225,0.06
4/15/2021,15.67840844,0.0925,0.1225,0.06
4/16/2021,15.51929919,0.0925,0.1225,0.06
4/17/2021,15.5810575,0.0925,0.1225,0.06
4/18/2021,15.80729963,0.0925,0.1225,0.06
4/19/2021,15.82912997,0.0925,0.1225,0.06
4/20/2021,15.68045067,0.0925,0.1225,0.06
4/21/2021,15.74525972,0.0925,0.1225,0.06
4/22/2021,15.72443314,0.0925,0.1225,0.06
4/23/2021,15.94169214,0.0925,0.1225,0.06
4/24/2021,15.78788663,0.0925,0.1225,0.06
4/25/2021,15.68995847,0.0925,0.1225,0.06
4/26/2021,15.62499008,0.0925,0.1225,0.06
4/27/2021,15.57389396,0.0925,0.1225,0.06
4/28/2021,15.7159719,0.0925,0.1225,0.06
4/29/2021,15.64062647,0.0925,0.1225,0.06
4/30/2021,15.58835308,0.0925,0.1225,0.06
5/1/2021,15.64924403,0.0925,0.1225,0.06
5/2/2021,15.61509848,0.0925,0.1225,0.06
5/3/2021,15.83244062,0.0925,0.1225,0.06
5/4/2021,15.76920872,0.0925,0.1225,0.06
5/5/2021,15.69937415,0.0925,0.1225,0.06
5/6/2021,15.81617561,0.0925,0.1225,0.06
5/7/2021,15.70607341,0.0925,0.1225,0.06
5/8/2021,15.63238919,0.0925,0.1225,0.06
5/9/2021,15.81956524,0.0925,0.1225,0.06
5/10/2021,15.74230444,0.0925,0.1225,0.06
5/11/2021,15.61857618,0.0925,0.1225,0.06
5/12/2021,15.68505841,0.0925,0.1225,0.06
5/13/2021,15.63126397,0.0925,0.1225,0.06
5/14/2021,15.59145022,0.0925,0.1225,0.06
5/15/2021,15.77270494,0.0925,0.1225,0.06
5/16/2021,15.84988921,0.0925,0.1225,0.06
5/17/2021,15.59021245,0.0925,0.1225,0.06
5/18/2021,15.74419309,0.0925,0.1225,0.06
5/19/2021,15.64892456,0.0925,0.1225,0.06
5/20/2021,15.66176066,0.0925,0.1225,0.06
5/21/2021,15.65349708,0.0925,0.1225,0.06
5/22/2021,15.63217672,0.0925,0.1225,0.06
5/23/2021,15.70380895,0.0925,0.1225,0.06
5/24/2021,15.63477042,0.0925,0.1225,0.06
5/25/2021,15.72123086,0.0925,0.1225,0.06
5/26/2021,15.69605631,0.0925,0.1225,0.06
5/27/2021,15.68124258,0.0925,0.1225,0.06
5/28/2021,15.62875625,0.0925,0.1225,0.06
5/29/2021,15.65472345,0.0925,0.1225,0.06
5/30/2021,15.75929821,0.0925,0.1225,0.06
5/31/2021,15.739322,0.0925,0.1225,0.06
6/1/2021,15.62326191,0.0925,0.1225,0.06
6/2/2021,15.70779759,0.0925,0.1225,0.06
6/3/2021,15.75898389,0.0925,0.1225,0.06
6/4/2021,15.56895169,0.0925,0.1225,0.06
6/5/2021,15.74265378,0.0925,0.1225,0.06
6/6/2021,15.64798403,0.0925,0.1225,0.06
6/7/2021,15.744792,0.0925,0.1225,0.06
6/8/2021,15.64008416,0.0925,0.1225,0.06
6/9/2021,15.55831676,0.0925,0.1225,0.06
6/10/2021,15.57223792,0.0925,0.1225,0.06
6/11/2021,15.70377467,0.0925,0.1225,0.06
6/12/2021,15.72038822,0.0925,0.1225,0.06
6/13/2021,15.62901114,0.0925,0.1225,0.06
6/14/2021,15.75012951,0.0925,0.1225,0.06
6/15/2021,15.56957068,0.0925,0.1225,0.06
6/16/2021,15.69481274,0.0925,0.1225,0.06
6/17/2021,15.60493523,0.0925,0.1225,0.06
6/18/2021,15.64883087,0.0925,0.1225,0.06
6/19/2021,15.7037208,0.0925,0.1225,0.06
6/20/2021,15.63245755,0.0925,0.1225,0.06
6/21/2021,15.66981239,0.0925,0.1225,0.06
6/22/2021,15.77899399,0.0925,0.1225,0.06
6/23/2021,15.65471399,0.0925,0.1225,0.06
6/24/2021,15.76560183,0.0925,0.1225,0.06
6/25/2021,15.61131801,0.0925,0.1225,0.06
6/26/2021,15.74158963,0.0925,0.1225,0.06
6/27/2021,15.81316314,0.0925,0.1225,0.06
6/28/2021,15.50597591,0.0925,0.1225,0.06
6/29/2021,15.63744372,0.0925,0.1225,0.06
6/30/2021,15.74530016,0.0925,0.1225,0.06
7/1/2021,15.68406094,0.0925,0.1225,0.06
7/2/2021,15.72913495,0.0925,0.1225,0.06
7/3/2021,15.65258716,0.0925,0.1225,0.06
7/4/2021,15.7067973,0.0925,0.1225,0.06
7/5/2021,15.68777934,0.0925,0.1225,0.06
7/6/2021,15.79167089,0.0925,0.1225,0.06
7/7/2021,15.71997204,0.0925,0.1225,0.06
7/8/2021,15.72650181,0.0925,0.1225,0.06
7/9/2021,15.66766766,0.0925,0.1225,0.06
7/10/2021,15.66172291,0.0925,0.1225,0.06
7/11/2021,15.66604418,0.0925,0.1225,0.06
7/12/2021,15.73096449,0.0925,0.1225,0.06
7/13/2021,15.66695272,0.0925,0.1225,0.06
7/14/2021,15.72274733,0.0925,0.1225,0.06
7/15/2021,15.86291896,0.0925,0.1225,0.06
7/16/2021,15.76838329,0.0925,0.1225,0.06
7/17/2021,15.67440715,0.0925,0.1225,0.06
7/18/2021,15.79429529,0.0925,0.1225,0.06
7/19/2021,15.66796608,0.0925,0.1225,0.06
7/20/2021,15.54000722,0.0925,0.1225,0.06
7/21/2021,15.62086522,0.0925,0.1225,0.06
7/22/2021,15.55314283,0.0925,0.1225,0.06
7/23/2021,15.67240619,0.0925,0.1225,0.06
7/24/2021,15.70144584,0.0925,0.1225,0.06
7/25/2021,15.83160033,0.0925,0.1225,0.06
7/26/2021,15.7256638,0.0925,0.1225,0.06
7/27/2021,15.68280061,0.0925,0.1225,0.06
7/28/2021,15.76510834,0.0925,0.1225,0.06
7/29/2021,15.52642588,0.0925,0.1225,0.06
7/30/2021,15.71849574,0.0925,0.1225,0.06
7/31/2021,15.76051292,0.0925,0.1225,0.06
8/1/2021,15.58393098,0.0925,0.1225,0.06
8/2/2021,15.78978469,0.0925,0.1225,0.06
8/3/2021,15.72657197,0.0925,0.1225,0.06
8/4/2021,15.6673999,0.0925,0.1225,0.06
8/5/2021,15.74967338,0.0925,0.1225,0.06
8/6/2021,15.87824939,0.0925,0.1225,0.06
8/7/2021,15.7142765,0.0925,0.1225,0.06
8/8/2021,15.71948532,0.0925,0.1225,0.06
8/9/2021,15.66394017,0.0925,0.1225,0.06
8/10/2021,15.63328722,0.0925,0.1225,0.06
8/11/2021,15.76518136,0.0925,0.1225,0.06
8/12/2021,15.63279742,0.0925,0.1225,0.06
8/13/2021,15.70561795,0.0925,0.1225,0.06
8/14/2021,15.66250389,0.0925,0.1225,0.06
8/15/2021,15.73759992,0.0925,0.1225,0.06
8/16/2021,15.72619248,0.0925,0.1225,0.06
8/17/2021,15.78144689,0.0925,0.1225,0.06
8/18/2021,15.65996371,0.0925,0.1225,0.06
8/19/2021,15.67881482,0.0925,0.1225,0.06
8/20/2021,15.62316705,0.0925,0.1225,0.06
8/21/2021,15.66512298,0.0925,0.1225,0.06
8/22/2021,15.72961809,0.0925,0.1225,0.06
8/23/2021,15.75942361,0.0925,0.1225,0.06
8/24/2021,15.62761002,0.0925,0.1225,0.06
8/25/2021,15.76826406,0.0925,0.1225,0.06
8/26/2021,15.80641757,0.0925,0.1225,0.06
8/27/2021,15.73245464,0.0925,0.1225,0.06
8/28/2021,15.84732847,0.0925,0.1225,0.06
8/29/2021,15.63925755,0.0925,0.1225,0.06
8/30/2021,15.60229461,0.0925,0.1225,0.06
8/31/2021,15.56037046,0.0925,0.1225,0.06
9/1/2021,15.81743948,0.0925,0.1225,0.06
9/2/2021,15.7513677,0.0925,0.1225,0.06
9/3/2021,15.6956366,0.0925,0.1225,0.06
9/4/2021,15.72197754,0.0925,0.1225,0.06
9/5/2021,15.61164911,0.0925,0.1225,0.06
9/6/2021,15.89199153,0.0925,0.1225,0.06
9/7/2021,15.71014386,0.0925,0.1225,0.06
9/8/2021,15.70858749,0.0925,0.1225,0.06
9/9/2021,15.75697268,0.0925,0.1225,0.06
9/10/2021,15.73775922,0.0925,0.1225,0.06
9/11/2021,15.7175749,0.0925,0.1225,0.06
9/12/2021,15.63794776,0.0925,0.1225,0.06
9/13/2021,15.73701027,0.0925,0.1225,0.06
9/14/2021,15.84773892,0.0925,0.1225,0.06
9/15/2021,15.80561547,0.0925,0.1225,0.06
9/16/2021,15.82506515,0.0925,0.1225,0.06
9/17/2021,15.65986957,0.0925,0.1225,0.06
9/18/2021,15.62231602,0.0925,0.1225,0.06
9/19/2021,15.69012573,0.0925,0.1225,0.06
9/20/2021,15.70437441,0.0925,0.1225,0.06
9/21/2021,15.78589403,0.0925,0.1225,0.06
9/22/2021,15.56714153,0.0925,0.1225,0.06
9/23/2021,15.8200697,0.0925,0.1225,0.06
9/24/2021,15.68759638,0.0925,0.1225,0.06
9/25/2021,15.66648984,0.0925,0.1225,0.06
9/26/2021,15.62054981,0.0925,0.1225,0.06
9/27/2021,15.57009375,0.0925,0.1225,0.06
9/28/2021,15.76461889,0.0925,0.1225,0.06
9/29/2021,15.70575546,0.0925,0.1225,0.06
9/30/2021,15.59873807,0.0925,0.1225,0.06
10/1/2021,15.59833632,0.0925,0.1225,0.06
10/2/2021,15.6736409,0.0925,0.1225,0.06
10/3/2021,15.83101819,0.0925,0.1225,0.06
10/4/2021,15.67962208,0.0925,0.1225,0.06
10/5/2021,15.58200328,0.0925,0.1225,0.06
10/6/2021,15.68070917,0.0925,0.1225,0.06
10/7/2021,15.6785912,0.0925,0.1225,0.06
10/8/2021,15.4882944,0.0925,0.1225,0.06
10/9/2021,15.69573785,0.0925,0.1225,0.06
10/10/2021,15.68187164,0.0925,0.1225,0.06
10/11/2021,15.7546522,0.0925,0.1225,0.06
10/12/2021,15.84514305,0.0925,0.1225,0.06
10/13/2021,15.78843535,0.0925,0.1225,0.06
10/14/2021,15.67889224,0.0925,0.1225,0.06
10/15/2021,15.61313772,0.0925,0.1225,0.06
10/16/2021,15.90200874,0.0925,0.1225,0.06
10/17/2021,15.70464865,0.0925,0.1225,0.06
10/18/2021,15.70109345,0.0925,0.1225,0.06
10/19/2021,15.69810618,0.0925,0.1225,0.06
10/20/2021,15.71554965,0.0925,0.1225,0.06
10/21/2021,15.68866771,0.0925,0.1225,0.06
10/22/2021,15.65496753,0.0925,0.1225,0.06
10/23/2021,15.65707157,0.0925,0.1225,0.06
10/24/2021,15.69742887,0.0925,0.1225,0.06
10/25/2021,15.65734116,0.0925,0.1225,0.06
10/26/2021,15.64404161,0.0925,0.1225,0.06
10/27/2021,15.70835477,0.0925,0.1225,0.06
10/28/2021,15.67998429,0.0925,0.1225,0.06
10/29/2021,15.81806345,0.0925,0.1225,0.06
10/30/2021,15.49189887,0.0925,0.1225,0.06
10/31/2021,15.78568329,0.0925,0.1225,0.06
11/1/2021,15.79781769,0.0925,0.1225,0.06
11/2/2021,15.53723887,0.0925,0.1225,0.06
11/3/2021,15.67309902,0.0925,0.1225,0.06
11/4/2021,15.67084189,0.0925,0.1225,0.06
11/5/2021,15.58951033,0.0925,0.1225,0.06
11/6/2021,15.63894139,0.0925,0.1225,0.06
11/7/2021,15.6128198,0.0925,0.1225,0.06
11/8/2021,15.83755323,0.0925,0.1225,0.06
11/9/2021,15.77345075,0.0925,0.1225,0.06
11/10/2021,15.79981707,0.0925,0.1225,0.06
11/11/2021,15.75665126,0.0925,0.1225,0.06
11/12/2021,15.61136944,0.0925,0.1225,0.06
11/13/2021,15.65882516,0.0925,0.1225,0.06
11/14/2021,15.7384159,0.0925,0.1225,0.06
11/15/2021,15.60406297,0.0925,0.1225,0.06
11/16/2021,15.75597038,0.0925,0.1225,0.06
11/17/2021,15.68113446,0.0925,0.1225,0.06
11/18/2021,15.67057657,0.0925,0.1225,0.06
11/19/2021,15.75581036,0.0925,0.1225,0.06
11/20/2021,15.73487467,0.0925,0.1225,0.06
11/21/2021,15.67166416,0.0925,0.1225,0.06
11/22/2021,15.79100739,0.0925,0.1225,0.06
11/23/2021,15.61513653,0.0925,0.1225,0.06
11/24/2021,15.74835095,0.0925,0.1225,0.06
11/25/2021,15.74655845,0.0925,0.1225,0.06
11/26/2021,15.6757006,0.0925,0.1225,0.06
11/27/2021,15.72560144,0.0925,0.1225,0.06
11/28/2021,15.60178758,0.0925,0.1225,0.06
11/29/2021,15.77253612,0.0925,0.1225,0.06
11/30/2021,15.68548518,0.0925,0.1225,0.06
12/1/2021,15.65896624,0.0925,0.1225,0.06
12/2/2021,15.78234722,0.0925,0.1225,0.06
12/3/2021,15.64470902,0.0925,0.1225,0.06
12/4/2021,15.58943579,0.0925,0.1225,0.06
12/5/2021,15.57780461,0.0925,0.1225,0.06
12/6/2021,15.74757178,0.0925,0.1225,0.06
12/7/2021,15.5994863,0.0925,0.1225,0.06
12/8/2021,15.83775134,0.0925,0.1225,0.06
12/9/2021,15.53656854,0.0925,0.1225,0.06
12/10/2021,15.83317182,0.0925,0.1225,0.06
12/11/2021,15.71656487,0.0925,0.1225,0.06
12/12/2021,15.69240802,0.0925,0.1225,0.06
12/13/2021,15.65722385,0.0925,0.1225,0.06
12/14/2021,15.73133218,0.0925,0.1225,0.06
12/15/2021,15.69704568,0.0925,0.1225,0.06
12/16/2021,15.7866092,0.0925,0.1225,0.06
12/17/2021,15.70896687,0.0925,0.1225,0.06
12/18/2021,15.71179869,0.0925,0.1225,0.06
12/19/2021,15.67145644,0.0925,0.1225,0.06
12/20/2021,15.69552977,0.0925,0.1225,0.06
12/21/2021,15.72416244,0.0925,0.1225,0.06
12/22/2021,15.56575178,0.0925,0.1225,0.06
12/23/2021,15.59416744,0.0925,0.1225,0.06
12/24/2021,15.75834623,0.0925,0.1225,0.06
12/25/2021,15.71341294,0.0925,0.1225,0.06
12/26/2021,15.68555731,0.0925,0.1225,0.06
12/27/2021,15.70144706,0.0925,0.1225,0.06
12/28/2021,15.72728516,0.0925,0.1225,0.06
12/29/2021,15.65762887,0.0925,0.1225,0.06
12/30/2021,15.63890308,0.0925,0.1225,0.06
12/31/2021,15.71537385,0.0925,0.1225,0.06
1/1/2022,15.62319774,0.0925,0.1225,0.06
1/2/2022,15.73204784,0.0925,0.1225,0.06
1/3/2022,15.56634719,0.0925,0.1225,0.06
1/4/2022,15.78078872,0.0925,0.1225,0.06
1/5/2022,15.7370989,0.0925,0.1225,0.06
1/6/2022,15.72009833,0.0925,0.1225,0.06
1/7/2022,15.77714124,0.0925,0.1225,0.06
1/8/2022,15.83073974,0.0925,0.1225,0.06
1/9/2022,15.77962805,0.0925,0.1225,0.06
1/10/2022,15.55549137,0.0925,0.1225,0.06
1/11/2022,15.59955321,0.0925,0.1225,0.06
1/12/2022,15.65095174,0.0925,0.1225,0.06
1/13/2022,15.70204815,0.0925,0.1225,0.06
1/14/2022,15.74063623,0.0925,0.1225,0.06
1/15/2022,15.64302911,0.0925,0.1225,0.06
1/16/2022,15.71466119,0.0925,0.1225,0.06
1/17/2022,15.64070244,0.0925,0.1225,0.06
1/18/2022,15.65199585,0.0925,0.1225,0.06
1/19/2022,15.5895771,0.0925,0.1225,0.06
1/20/2022,15.62752619,0.0925,0.1225,0.06
1/21/2022,15.59389276,0.0925,0.1225,0.06
1/22/2022,15.62339395,0.0925,0.1225,0.06
1/23/2022,15.78271088,0.0925,0.1225,0.06
1/24/2022,15.62547219,0.0925,0.1225,0.06
1/25/2022,15.90664199,0.0925,0.1225,0.06
1/26/2022,15.73872546,0.0925,0.1225,0.06
1/27/2022,15.71450964,0.0925,0.1225,0.06
1/28/2022,15.63261891,0.0925,0.1225,0.06
1/29/2022,15.75497433,0.0925,0.1225,0.06
1/30/2022,15.65481243,0.0925,0.1225,0.06
1/31/2022,15.70957777,0.0925,0.1225,0.06
2/1/2022,15.90096664,0.0925,0.1225,0.06
2/2/2022,15.6924593,0.0925,0.1225,0.06
2/3/2022,15.79021796,0.0925,0.1225,0.06
2/4/2022,15.64480065,0.0925,0.1225,0.06
2/5/2022,15.6972534,0.0925,0.1225,0.06
2/6/2022,15.83900785,0.0925,0.1225,0.06
2/7/2022,15.65078309,0.0925,0.1225,0.06
2/8/2022,15.84227721,0.0925,0.1225,0.06
2/9/2022,15.75555853,0.0925,0.1225,0.06
2/10/2022,15.65584636,0.0925,0.1225,0.06
2/11/2022,15.74964401,0.0925,0.1225,0.06
2/12/2022,15.77634552,0.0925,0.1225,0.06
2/13/2022,15.74881208,0.0925,0.1225,0.06
2/14/2022,15.57673736,0.0925,0.1225,0.06
2/15/2022,15.64291973,0.0925,0.1225,0.06
2/16/2022,15.68056979,0.0925,0.1225,0.06
2/17/2022,15.69415698,0.0925,0.1225,0.06
2/18/2022,15.74872276,0.0925,0.1225,0.06
2/19/2022,15.71394953,0.0925,0.1225,0.06
2/20/2022,15.59517547,0.0925,0.1225,0.06
2/21/2022,15.72984553,0.0925,0.1225,0.06
2/22/2022,15.74793098,0.0925,0.1225,0.06
2/23/2022,15.74394355,0.0925,0.1225,0.06
2/24/2022,15.78484129,0.0925,0.1225,0.06
2/25/2022,15.76546289,0.0925,0.1225,0.06
2/26/2022,15.73604564,0.0925,0.1225,0.06
2/27/2022,15.69449199,0.0925,0.1225,0.06
2/28/2022,15.56961457,0.0925,0.1225,0.06
3/1/2022,15.73372503,0.0925,0.1225,0.06
3/2/2022,15.71630348,0.0925,0.1225,0.06
3/3/2022,15.72131894,0.0925,0.1225,0.06
3/4/2022,15.59977524,0.0925,0.1225,0.06
3/5/2022,15.61513706,0.0925,0.1225,0.06
3/6/2022,15.7826725,0.0925,0.1225,0.06
3/7/2022,15.69689492,0.0925,0.1225,0.06
3/8/2022,15.7534978,0.0925,0.1225,0.06
3/9/2022,15.70222299,0.0925,0.1225,0.06
3/10/2022,15.70233586,0.0925,0.1225,0.06
3/11/2022,15.77365528,0.0925,0.1225,0.06
3/12/2022,15.65949049,0.0925,0.1225,0.06
3/13/2022,15.70754548,0.0925,0.1225,0.06
3/14/2022,15.66371139,0.0925,0.1225,0.06
3/15/2022,15.66589205,0.0925,0.1225,0.06
3/16/2022,15.67572999,0.0925,0.1225,0.06
3/17/2022,15.7174375,0.0925,0.1225,0.06
3/18/2022,15.66241823,0.0925,0.1225,0.06
3/19/2022,15.79857686,0.0925,0.1225,0.06
3/20/2022,15.62977333,0.0925,0.1225,0.06
3/21/2022,18.48271437,0.1325,0.1625,0.06
3/22/2022,18.45932488,0.1325,0.1625,0.06
3/23/2022,18.63384545,0.1325,0.1625,0.06
3/24/2022,18.51818132,0.1325,0.1625,0.06
3/25/2022,18.59544562,0.1325,0.1625,0.06
3/26/2022,18.36258567,0.1325,0.1625,0.06
3/27/2022,18.52470215,0.1325,0.1625,0.06
3/28/2022,18.58229085,0.1325,0.1625,0.06
3/29/2022,18.50761127,0.1325,0.1625,0.06
3/30/2022,18.59855693,0.1325,0.1625,0.06
3/31/2022,18.45215082,0.1325,0.1625,0.06
4/1/2022,18.63036464,0.1325,0.1625,0.06
4/2/2022,18.71264808,0.1325,0.1625,0.06
4/3/2022,18.46643743,0.1325,0.1625,0.06
4/4/2022,18.45879102,0.1325,0.1625,0.06
4/5/2022,18.63443806,0.1325,0.1625,0.06
4/6/2022,18.64611042,0.1325,0.1625,0.06
4/7/2022,18.45163545,0.1325,0.1625,0.06
4/8/2022,18.46113272,0.1325,0.1625,0.06
4/9/2022,18.47393492,0.1325,0.1625,0.06
4/10/2022,18.37563833,0.1325,0.1625,0.06
4/11/2022,18.41502469,0.1325,0.1625,0.06
4/12/2022,18.40711698,0.1325,0.1625,0.06
4/13/2022,18.42897873,0.1325,0.1625,0.06
4/14/2022,18.49679165,0.1325,0.1625,0.06
4/15/2022,18.52166486,0.1325,0.1625,0.06
4/16/2022,18.6434213,0.1325,0.1625,0.06
4/17/2022,18.40765225,0.1325,0.1625,0.06
4/18/2022,18.59104982,0.1325,0.1625,0.06
4/19/2022,18.48020603,0.1325,0.1625,0.06
4/20/2022,18.49542461,0.1325,0.1625,0.06
4/21/2022,18.5624208,0.1325,0.1625,0.06
4/22/2022,18.39614821,0.1325,0.1625,0.06
4/23/2022,18.5353729,0.1325,0.1625,0.06
4/24/2022,18.51539683,0.1325,0.1625,0.06
4/25/2022,18.54555174,0.1325,0.1625,0.06
4/26/2022,18.5267481,0.1325,0.1625,0.06
4/27/2022,18.72711526,0.1325,0.1625,0.06
4/28/2022,18.44100905,0.1325,0.1625,0.06
4/29/2022,18.45088278,0.1325,0.1625,0.06
4/30/2022,18.4423595,0.1325,0.1625,0.06
5/1/2022,18.44861837,0.1325,0.1625,0.06
5/2/2022,18.44104169,0.1325,0.1625,0.06
5/3/2022,18.60998403,0.1325,0.1625,0.06
5/4/2022,18.63139664,0.1325,0.1625,0.06
5/5/2022,18.44720597,0.1325,0.1625,0.06
5/6/2022,18.42300711,0.1325,0.1625,0.06
5/7/2022,18.54360594,0.1325,0.1625,0.06
5/8/2022,18.44891937,0.1325,0.1625,0.06
5/9/2022,18.55854619,0.1325,0.1625,0.06
5/10/2022,18.51877038,0.1325,0.1625,0.06
5/11/2022,18.35979367,0.1325,0.1625,0.06
5/12/2022,18.64314423,0.1325,0.1625,0.06
5/13/2022,18.66611868,0.1325,0.1625,0.06
5/14/2022,18.44331705,0.1325,0.1625,0.06
5/15/2022,18.46413761,0.1325,0.1625,0.06
5/16/2022,18.52644255,0.1325,0.1625,0.06
5/17/2022,18.53093725,0.1325,0.1625,0.06
5/18/2022,18.56091535,0.1325,0.1625,0.06
5/19/2022,18.68594392,0.1325,0.1625,0.06
5/20/2022,18.48363238,0.1325,0.1625,0.06
5/21/2022,18.4261575,0.1325,0.1625,0.06
5/22/2022,18.37241297,0.1325,0.1625,0.06
5/23/2022,18.43238897,0.1325,0.1625,0.06
5/24/2022,18.49693576,0.1325,0.1625,0.06
5/25/2022,18.6659966,0.1325,0.1625,0.06
5/26/2022,18.45212095,0.1325,0.1625,0.06
5/27/2022,18.52070039,0.1325,0.1625,0.06
5/28/2022,18.49848088,0.1325,0.1625,0.06
5/29/2022,18.60992638,0.1325,0.1625,0.06
5/30/2022,18.73374125,0.1325,0.1625,0.06
5/31/2022,18.45089464,0.1325,0.1625,0.06
6/1/2022,18.45472685,0.1325,0.1625,0.06
6/2/2022,18.59658488,0.1325,0.1625,0.06
6/3/2022,18.56307496,0.1325,0.1625,0.06
6/4/2022,18.67082043,0.1325,0.1625,0.06
6/5/2022,18.55401336,0.1325,0.1625,0.06
6/6/2022,18.46676548,0.1325,0.1625,0.06
6/7/2022,18.55463557,0.1325,0.1625,0.06
6/8/2022,18.60255508,0.1325,0.1625,0.06
6/9/2022,18.5758946,0.1325,0.1625,0.06
6/10/2022,18.54692285,0.1325,0.1625,0.06
6/11/2022,18.59866741,0.1325,0.1625,0.06
6/12/2022,18.60815984,0.1325,0.1625,0.06
6/13/2022,18.62784971,0.1325,0.1625,0.06
6/14/2022,18.56000566,0.1325,0.1625,0.06
6/15/2022,18.48454158,0.1325,0.1625,0.06
6/16/2022,18.51357102,0.1325,0.1625,0.06
6/17/2022,18.61160208,0.1325,0.1625,0.06
6/18/2022,18.42443345,0.1325,0.1625,0.06
6/19/2022,18.53410228,0.1325,0.1625,0.06
6/20/2022,18.46361616,0.1325,0.1625,0.06
6/21/2022,18.5026589,0.1325,0.1625,0.06
6/22/2022,18.6182568,0.1325,0.1625,0.06
6/23/2022,18.51767666,0.1325,0.1625,0.06
6/24/2022,18.50429538,0.1325,0.1625,0.06
6/25/2022,18.37421331,0.1325,0.1625,0.06
6/26/2022,18.56902845,0.1325,0.1625,0.06
6/27/2022,18.55970729,0.1325,0.1625,0.06
6/28/2022,18.70010106,0.1325,0.1625,0.06
6/29/2022,18.47153051,0.1325,0.1625,0.06
6/30/2022,18.52027141,0.1325,0.1625,0.06
7/1/2022,18.52306799,0.1325,0.1625,0.06
7/2/2022,18.64591443,0.1325,0.1625,0.06
7/3/2022,18.49118516,0.1325,0.1625,0.06
7/4/2022,18.52580949,0.1325,0.1625,0.06
7/5/2022,18.55623043,0.1325,0.1625,0.06
7/6/2022,18.51726134,0.1325,0.1625,0.06
7/7/2022,18.45870489,0.1325,0.1625,0.06
7/8/2022,18.51795332,0.1325,0.1625,0.06
7/9/2022,18.59931094,0.1325,0.1625,0.06
7/10/2022,18.40504733,0.1325,0.1625,0.06
7/11/2022,18.51229969,0.1325,0.1625,0.06
7/12/2022,18.43523882,0.1325,0.1625,0.06
7/13/2022,18.61054181,0.1325,0.1625,0.06
7/14/2022,18.35910521,0.1325,0.1625,0.06
7/15/2022,18.44829973,0.1325,0.1625,0.06
7/16/2022,18.5348921,0.1325,0.1625,0.06
7/17/2022,18.64481097,0.1325,0.1625,0.06
7/18/2022,18.4939181,0.1325,0.1625,0.06
7/19/2022,18.44864404,0.1325,0.1625,0.06
7/20/2022,18.67400703,0.1325,0.1625,0.06
7/21/2022,18.36605871,0.1325,0.1625,0.06
7/22/2022,18.29661045,0.1325,0.1625,0.06
7/23/2022,18.54070134,0.1325,0.1625,0.06
7/24/2022,18.45355998,0.1325,0.1625,0.06
7/25/2022,18.40553596,0.1325,0.1625,0.06
7/26/2022,18.56552297,0.1325,0.1625,0.06
7/27/2022,18.52255157,0.1325,0.1625,0.06
7/28/2022,18.44782273,0.1325,0.1625,0.06
7/29/2022,18.38157184,0.1325,0.1625,0.06
7/30/2022,18.5807023,0.1325,0.1625,0.06
7/31/2022,18.56014361,0.1325,0.1625,0.06
8/1/2022,18.49082623,0.1325,0.1625,0.06
8/2/2022,18.67081392,0.1325,0.1625,0.06
8/3/2022,18.40101716,0.1325,0.1625,0.06
8/4/2022,18.35888892,0.1325,0.1625,0.06
8/5/2022,18.4359985,0.1325,0.1625,0.06
8/6/2022,18.49578329,0.1325,0.1625,0.06
8/7/2022,18.5225089,0.1325,0.1625,0.06
8/8/2022,18.47768566,0.1325,0.1625,0.06
8/9/2022,18.53256512,0.1325,0.1625,0.06
8/10/2022,18.3842326,0.1325,0.1625,0.06
8/11/2022,18.63354823,0.1325,0.1625,0.06
8/12/2022,18.49240102,0.1325,0.1625,0.06
8/13/2022,18.60334986,0.1325,0.1625,0.06
8/14/2022,18.53170209,0.1325,0.1625,0.06
8/15/2022,18.54224967,0.1325,0.1625,0.06
8/16/2022,18.55270347,0.1325,0.1625,0.06
8/17/2022,18.54141304,0.1325,0.1625,0.06
8/18/2022,18.55945186,0.1325,0.1625,0.06
8/19/2022,18.62294661,0.1325,0.1625,0.06
8/20/2022,18.51817821,0.1325,0.1625,0.06
8/21/2022,18.56558285,0.1325,0.1625,0.06
8/22/2022,18.49169945,0.1325,0.1625,0.06
8/23/2022,18.63321084,0.1325,0.1625,0.06
8/24/2022,18.43743371,0.1325,0.1625,0.06
8/25/2022,18.66658699,0.1325,0.1625,0.06
8/26/2022,18.49628539,0.1325,0.1625,0.06
8/27/2022,18.3676533,0.1325,0.1625,0.06
8/28/2022,18.51184966,0.1325,0.1625,0.06
8/29/2022,18.43700272,0.1325,0.1625,0.06
8/30/2022,18.57775953,0.1325,0.1625,0.06
8/31/2022,18.43963228,0.1325,0.1625,0.06
9/1/2022,18.45872803,0.1325,0.1625,0.06
9/2/2022,18.32521748,0.1325,0.1625,0.06
9/3/2022,18.45816167,0.1325,0.1625,0.06
9/4/2022,18.27579116,0.1325,0.1625,0.06
9/5/2022,18.35348899,0.1325,0.1625,0.06
9/6/2022,18.57033836,0.1325,0.1625,0.06
9/7/2022,18.57268651,0.1325,0.1625,0.06
9/8/2022,18.53935482,0.1325,0.1625,0.06
9/9/2022,18.41055471,0.1325,0.1625,0.06
9/10/2022,18.4955867,0.1325,0.1625,0.06
9/11/2022,18.49966677,0.1325,0.1625,0.06
9/12/2022,18.39285127,0.1325,0.1625,0.06
9/13/2022,18.63906434,0.1325,0.1625,0.06
9/14/2022,18.58115601,0.1325,0.1625,0.06
9/15/2022,18.47956081,0.1325,0.1625,0.06
9/16/2022,18.50248694,0.1325,0.1625,0.06
9/17/2022,18.51927541,0.1325,0.1625,0.06
9/18/2022,18.31113952,0.1325,0.1625,0.06
9/19/2022,18.47713609,0.1325,0.1625,0.06
9/20/2022,18.43691646,0.1325,0.1625,0.06
9/21/2022,18.40735015,0.1325,0.1625,0.06
9/22/2022,18.47399822,0.1325,0.1625,0.06
9/23/2022,18.666286,0.1325,0.1625,0.06
9/24/2022,18.55927796,0.1325,0.1625,0.06
9/25/2022,18.44716594,0.1325,0.1625,0.06
9/26/2022,18.55296391,0.1325,0.1625,0.06
9/27/2022,18.62944038,0.1325,0.1625,0.06
9/28/2022,18.58552862,0.1325,0.1625,0.06
9/29/2022,18.50551581,0.1325,0.1625,0.06
9/30/2022,18.44015835,0.1325,0.1625,0.06
10/1/2022,18.56458566,0.1325,0.1625,0.06
10/2/2022,18.5363974,0.1325,0.1625,0.06
10/3/2022,18.58280537,0.1325,0.1625,0.06
10/4/2022,18.55875339,0.1325,0.1625,0.06
10/5/2022,18.59708363,0.1325,0.1625,0.06
10/6/2022,18.45049074,0.1325,0.1625,0.06
10/7/2022,18.62185895,0.1325,0.1625,0.06
10/8/2022,18.51827796,0.1325,0.1625,0.06
10/9/2022,18.69196163,0.1325,0.1625,0.06
10/10/2022,18.43625013,0.1325,0.1625,0.06
10/11/2022,18.66057665,0.1325,0.1625,0.06
10/12/2022,18.51830675,0.1325,0.1625,0.06
10/13/2022,18.43974383,0.1325,0.1625,0.06
10/14/2022,18.45524056,0.1325,0.1625,0.06
10/15/2022,18.47036787,0.1325,0.1625,0.06
10/16/2022,18.53923535,0.1325,0.1625,0.06
10/17/2022,18.54836228,0.1325,0.1625,0.06
10/18/2022,18.44693275,0.1325,0.1625,0.06
10/19/2022,18.4977472,0.1325,0.1625,0.06
10/20/2022,18.69816001,0.1325,0.1625,0.06
10/21/2022,18.65979774,0.1325,0.1625,0.06
10/22/2022,18.54035994,0.1325,0.1625,0.06
10/23/2022,18.50351532,0.1325,0.1625,0.06
10/24/2022,18.5111029,0.1325,0.1625,0.06
10/25/2022,18.55675041,0.1325,0.1625,0.06
10/26/2022,18.40539169,0.1325,0.1625,0.06
10/27/2022,23.96911482,0.1325,0.1625,0.06
10/28/2022,23.79976991,0.1325,0.1625,0.06
10/29/2022,24.04790677,0.1325,0.1625,0.06
10/30/2022,24.07766351,0.1325,0.1625,0.06
10/31/2022,23.94201762,0.1325,0.1625,0.06
11/1/2022,24.18887841,0.1325,0.1625,0.06
11/2/2022,23.85290812,0.1325,0.1625,0.06
11/3/2022,23.82427501,0.1325,0.1625,0.06
11/4/2022,24.02693422,0.1325,0.1625,0.06
11/5/2022,24.1256518,0.1325,0.1625,0.06
11/6/2022,24.20207132,0.1325,0.1625,0.06
11/7/2022,23.94493389,0.1325,0.1625,0.06
11/8/2022,24.1294417,0.1325,0.1625,0.06
11/9/2022,23.99537898,0.1325,0.1625,0.06
11/10/2022,23.97928472,0.1325,0.1625,0.06
11/11/2022,24.10603919,0.1325,0.1625,0.06
11/12/2022,24.07827875,0.1325,0.1625,0.06
11/13/2022,23.81083294,0.1325,0.1625,0.06
11/14/2022,24.17718484,0.1325,0.1625,0.06
11/15/2022,24.16561096,0.1325,0.1625,0.06
11/16/2022,23.92493248,0.1325,0.1625,0.06
11/17/2022,24.04749642,0.1325,0.1625,0.06
11/18/2022,24.05928362,0.1325,0.1625,0.06
11/19/2022,24.03128085,0.1325,0.1625,0.06
11/20/2022,23.93396338,0.1325,0.1625,0.06
11/21/2022,23.9194052,0.1325,0.1625,0.06
11/22/2022,23.99693351,0.1325,0.1625,0.06
11/23/2022,24.14072748,0.1325,0.1625,0.06
11/24/2022,24.06523202,0.1325,0.1625,0.06
11/25/2022,23.95552628,0.1325,0.1625,0.06
11/26/2022,24.09260385,0.1325,0.1625,0.06
11/27/2022,23.65817489,0.1325,0.1625,0.06
11/28/2022,24.13785188,0.1325,0.1625,0.06
11/29/2022,23.79123435,0.1325,0.1625,0.06
11/30/2022,23.95650709,0.1325,0.1625,0.06
12/1/2022,23.86563961,0.1325,0.1625,0.06
12/2/2022,23.84463822,0.1325,0.1625,0.06
12/3/2022,24.13929921,0.1325,0.1625,0.06
12/4/2022,23.94387586,0.1325,0.1625,0.06
12/5/2022,24.04158047,0.1325,0.1625,0.06
12/6/2022,23.99436953,0.1325,0.1625,0.06
12/7/2022,24.0572449,0.1325,0.1625,0.06
12/8/2022,24.00921863,0.1325,0.1625,0.06
12/9/2022,23.84604093,0.1325,0.1625,0.06
12/10/2022,24.11955202,0.1325,0.1625,0.06
12/11/2022,23.94074921,0.1325,0.1625,0.06
12/12/2022,23.81321017,0.1325,0.1625,0.06
12/13/2022,23.94862618,0.1325,0.1625,0.06
12/14/2022,24.18009117,0.1325,0.1625,0.06
12/15/2022,24.10202661,0.1325,0.1625,0.06
12/16/2022,23.95816174,0.1325,0.1625,0.06
12/17/2022,23.95808908,0.1325,0.1625,0.06
12/18/2022,23.96140379,0.1325,0.1625,0.06
12/19/2022,24.24920976,0.1325,0.1625,0.06
12/20/2022,24.04583225,0.1325,0.1625,0.06
12/21/2022,24.051605,0.1325,0.1625,0.06
12/22/2022,24.12363401,0.1925,0.2225,0.06
12/23/2022,24.0286547,0.1925,0.2225,0.06
12/24/2022,23.96891494,0.1925,0.2225,0.06
12/25/2022,23.97643802,0.1925,0.2225,0.06
12/26/2022,23.99140785,0.1925,0.2225,0.06
12/27/2022,23.99553333,0.1925,0.2225,0.06
12/28/2022,24.08731555,0.1925,0.2225,0.06
12/29/2022,24.00623351,0.1925,0.2225,0.06
12/30/2022,24.08791681,0.1925,0.2225,0.06
12/31/2022,23.99031401,0.1925,0.2225,0.06
1/1/2023,24.00943622,0.1925,0.2225,0.35
1/2/2023,23.76021592,0.1925,0.2225,0.35
1/3/2023,24.10995932,0.1925,0.2225,0.35
1/4/2023,30.95353247,0.1925,0.2225,0.35
1/5/2023,31.05419256,0.1925,0.2225,0.35
1/6/2023,30.45252854,0.1925,0.2225,0.35
1/7/2023,31.22265389,0.1925,0.2225,0.35
1/8/2023,30.8784334,0.1925,0.2225,0.35
1/9/2023,31.07121425,0.1925,0.2225,0.35
1/10/2023,30.73933453,0.1925,0.2225,0.35
1/11/2023,30.99467357,0.1925,0.2225,0.35
1/12/2023,30.7372473,0.1925,0.2225,0.35
1/13/2023,30.8036277,0.1925,0.2225,0.35
1/14/2023,31.19571784,0.1925,0.2225,0.35
1/15/2023,30.87053957,0.1925,0.2225,0.35
1/16/2023,30.93359338,0.1925,0.2225,0.35
1/17/2023,31.03442546,0.1925,0.2225,0.35
1/18/2023,30.97658285,0.1925,0.2225,0.35
1/19/2023,30.92323972,0.1925,0.2225,0.35
1/20/2023,30.95638647,0.1925,0.2225,0.35
1/21/2023,31.27132771,0.1925,0.2225,0.35
1/22/2023,30.8910979,0.1925,0.2225,0.35
1/23/2023,30.9310698,0.1925,0.2225,0.35
1/24/2023,31.0623261,0.1925,0.2225,0.35
1/25/2023,31.07080376,0.1925,0.2225,0.35
1/26/2023,31.08339618,0.1925,0.2225,0.35
1/27/2023,30.99868382,0.1925,0.2225,0.35
1/28/2023,30.72340574,0.1925,0.2225,0.35
1/29/2023,31.15236517,0.1925,0.2225,0.35
1/30/2023,30.72288964,0.1925,0.2225,0.35
1/31/2023,30.94675718,0.1925,0.2225,0.35
2/1/2023,30.78346438,0.1925,0.2225,0.35
2/2/2023,30.89009063,0.1925,0.2225,0.35
2/3/2023,30.95079379,0.1925,0.2225,0.35
2/4/2023,30.94964969,0.1925,0.2225,0.35
2/5/2023,30.96518676,0.1925,0.2225,0.35
2/6/2023,31.14931839,0.1925,0.2225,0.35
2/7/2023,30.97007105,0.1925,0.2225,0.35
2/8/2023,30.8622778,0.1925,0.2225,0.35
2/9/2023,31.04895147,0.1925,0.2225,0.35
2/10/2023,31.08377319,0.1925,0.2225,0.35
2/11/2023,30.71033459,0.1925,0.2225,0.35
2/12/2023,30.99229831,0.1925,0.2225,0.35
2/13/2023,31.00833119,0.1925,0.2225,0.35
2/14/2023,30.85402644,0.1925,0.2225,0.35
2/15/2023,31.1125467,0.1925,0.2225,0.35
2/16/2023,30.87681641,0.1925,0.2225,0.35
2/17/2023,30.91940156,0.1925,0.2225,0.35
2/18/2023,30.8732604,0.1925,0.2225,0.35
2/19/2023,30.90240696,0.1925,0.2225,0.35
2/20/2023,30.7306255,0.1925,0.2225,0.35
2/21/2023,30.67751214,0.1925,0.2225,0.35
2/22/2023,31.14635103,0.1925,0.2225,0.35
2/23/2023,30.76914447,0.1925,0.2225,0.35
2/24/2023,30.74682988,0.1925,0.2225,0.35
2/25/2023,30.56730123,0.1925,0.2225,0.35
2/26/2023,30.80128041,0.1925,0.2225,0.35
2/27/2023,30.69558263,0.1925,0.2225,0.35
2/28/2023,31.15369134,0.1925,0.2225,0.35
3/1/2023,31.05601674,0.1925,0.2225,0.35
3/2/2023,30.79368077,0.1925,0.2225,0.35
3/3/2023,31.24800133,0.1925,0.2225,0.35
3/4/2023,31.05168277,0.1925,0.2225,0.35
3/5/2023,30.84981355,0.1925,0.2225,0.35
3/6/2023,30.51384182,0.1925,0.2225,0.35
3/7/2023,31.25395063,0.1925,0.2225,0.35
3/8/2023,30.68531105,0.1925,0.2225,0.35
3/9/2023,30.64578589,0.1925,0.2225,0.35
3/10/2023,31.05798713,0.1925,0.2225,0.35
3/11/2023,31.27694175,0.1925,0.2225,0.35
3/12/2023,31.11387015,0.1925,0.2225,0.35
3/13/2023,30.98712396,0.1925,0.2225,0.35
3/14/2023,30.99188955,0.1925,0.2225,0.35
3/15/2023,31.0318527,0.1925,0.2225,0.35
3/16/2023,31.01725447,0.1925,0.2225,0.35
3/17/2023,30.94344408,0.1925,0.2225,0.35
3/18/2023,30.91609907,0.1925,0.2225,0.35
3/19/2023,30.89032936,0.1925,0.2225,0.35
3/20/2023,30.78351247,0.1925,0.2225,0.35
3/21/2023,30.8566357,0.1925,0.2225,0.35
3/22/2023,30.63843817,0.1925,0.2225,0.35
3/23/2023,30.88480653,0.1925,0.2225,0.35
3/24/2023,30.74726267,0.1925,0.2225,0.35
3/25/2023,30.72949545,0.1925,0.2225,0.35
3/26/2023,30.92779365,0.1925,0.2225,0.35
3/27/2023,31.11506435,0.1925,0.2225,0.35
3/28/2023,31.04187992,0.1925,0.2225,0.35
3/29/2023,30.65735766,0.1925,0.2225,0.35
3/30/2023,30.74710245,0.1925,0.2225,0.35
3/31/2023,31.04534915,0.1925,0.2225,0.35
4/1/2023,30.7482057,0.1925,0.2225,0.35
4/2/2023,30.86529418,0.1925,0.2225,0.35
4/3/2023,30.98498305,0.1925,0.2225,0.35
4/4/2023,30.75039078,0.1925,0.2225,0.35
4/5/2023,30.91628052,0.1925,0.2225,0.35
4/6/2023,30.69389306,0.1925,0.2225,0.35
4/7/2023,30.8070887,0.1925,0.2225,0.35
4/8/2023,30.94940631,0.1925,0.2225,0.35
4/9/2023,30.65388247,0.1925,0.2225,0.35
4/10/2023,30.96805335,0.1925,0.2225,0.35
4/11/2023,30.89696596,0.1925,0.2225,0.35
4/12/2023,30.9853597,0.1925,0.2225,0.35
4/13/2023,30.93459473,0.1925,0.2225,0.35
4/14/2023,31.1107597,0.1925,0.2225,0.35
4/15/2023,30.91934719,0.1925,0.2225,0.35
4/16/2023,30.83365684,0.1925,0.2225,0.35
4/17/2023,30.91889496,0.1925,0.2225,0.35
4/18/2023,30.98393955,0.1925,0.2225,0.35
4/19/2023,30.90754888,0.1925,0.2225,0.35
4/20/2023,30.90627142,0.1925,0.2225,0.35
4/21/2023,30.79154228,0.1925,0.2225,0.35
4/22/2023,30.79758181,0.1925,0.2225,0.35
4/23/2023,30.68329749,0.1925,0.2225,0.35
4/24/2023,31.17030961,0.1925,0.2225,0.35
4/25/2023,30.70782313,0.1925,0.2225,0.35
4/26/2023,30.79294615,0.1925,0.2225,0.35
4/27/2023,30.78900608,0.1925,0.2225,0.35
4/28/2023,31.03826582,0.1925,0.2225,0.35
4/29/2023,30.85443027,0.1925,0.2225,0.35
4/30/2023,31.09277615,0.1925,0.2225,0.35
5/1/2023,30.7959457,0.1925,0.2225,0.35
5/2/2023,30.9431046,0.1925,0.2225,0.35
5/3/2023,30.77093888,0.1925,0.2225,0.35
5/4/2023,31.23142554,0.1925,0.2225,0.35
5/5/2023,30.71651604,0.1925,0.2225,0.35
5/6/2023,30.9478673,0.1925,0.2225,0.35
5/7/2023,30.99791853,0.1925,0.2225,0.35
5/8/2023,30.96393196,0.1925,0.2225,0.35
5/9/2023,30.87137306,0.1925,0.2225,0.35
5/10/2023,30.8799427,0.1925,0.2225,0.35
5/11/2023,30.90676887,0.1925,0.2225,0.35
5/12/2023,30.87728819,0.1925,0.2225,0.35
5/13/2023,31.04891932,0.1925,0.2225,0.35
5/14/2023,31.2415258,0.1925,0.2225,0.35
5/15/2023,30.81386752,0.1925,0.2225,0.35
5/16/2023,30.68836544,0.1925,0.2225,0.35
5/17/2023,30.88636042,0.1925,0.2225,0.35
5/18/2023,31.29856509,0.1925,0.2225,0.35
5/19/2023,30.77583228,0.1925,0.2225,0.35
5/20/2023,31.15324355,0.1925,0.2225,0.35
5/21/2023,31.15920478,0.1925,0.2225,0.35
5/22/2023,30.81447062,0.1925,0.2225,0.35
5/23/2023,30.98790789,0.1925,0.2225,0.35
5/24/2023,31.15158728,0.1925,0.2225,0.35
5/25/2023,30.84142476,0.1925,0.2225,0.35
5/26/2023,30.86854683,0.1925,0.2225,0.35
5/27/2023,30.8101303,0.1925,0.2225,0.35
5/28/2023,30.74322009,0.1925,0.2225,0.35
5/29/2023,30.79968662,0.1925,0.2225,0.35
5/30/2023,30.71090123,0.1925,0.2225,0.35
5/31/2023,30.9052659,0.1925,0.2225,0.35
6/1/2023,30.78103914,0.1925,0.2225,0.35
6/2/2023,30.93611992,0.1925,0.2225,0.35
6/3/2023,30.65961412,0.1925,0.2225,0.35
6/4/2023,30.951121,0.1925,0.2225,0.35
6/5/2023,31.02878022,0.1925,0.2225,0.35
6/6/2023,30.59196784,0.1925,0.2225,0.35
6/7/2023,30.95779174,0.1925,0.2225,0.35
6/8/2023,31.08967486,0.1925,0.2225,0.35
6/9/2023,30.71311046,0.1925,0.2225,0.35
6/10/2023,31.15841243,0.1925,0.2225,0.35
6/11/2023,30.96473844,0.1925,0.2225,0.35
6/12/2023,30.79107567,0.1925,0.2225,0.35
6/13/2023,30.89138368,0.1925,0.2225,0.35
6/14/2023,30.98626151,0.1925,0.2225,0.35
6/15/2023,30.91174283,0.1925,0.2225,0.35
6/16/2023,30.9832378,0.1925,0.2225,0.35
6/17/2023,30.75775593,0.1925,0.2225,0.35
6/18/2023,30.92616625,0.1925,0.2225,0.35
6/19/2023,30.68158111,0.1925,0.2225,0.35
6/20/2023,30.88281557,0.1925,0.2225,0.35
6/21/2023,30.76034627,0.1925,0.2225,0.35
6/22/2023,30.78636062,0.1925,0.2225,0.35
6/23/2023,31.0909764,0.1925,0.2225,0.35
6/24/2023,31.06860741,0.1925,0.2225,0.35
6/25/2023,30.99411184,0.1925,0.2225,0.35
6/26/2023,30.73123768,0.1925,0.2225,0.35
6/27/2023,30.85111489,0.1925,0.2225,0.35
6/28/2023,31.08742359,0.1925,0.2225,0.35
6/29/2023,30.92189526,0.1925,0.2225,0.35
6/30/2023,31.25833641,0.1925,0.2225,0.35
7/1/2023,30.96076761,0.1925,0.2225,0.35
7/2/2023,30.92967159,0.1925,0.2225,0.35
7/3/2023,30.85224151,0.1925,0.2225,0.35
7/4/2023,30.92063207,0.1925,0.2225,0.35
7/5/2023,30.87644341,0.1925,0.2225,0.35
7/6/2023,31.00940279,0.1925,0.2225,0.35
7/7/2023,31.04781051,0.1925,0.2225,0.35
7/8/2023,30.77856463,0.1925,0.2225,0.35
7/9/2023,30.69432451,0.1925,0.2225,0.35
7/10/2023,30.61630627,0.1925,0.2225,0.35
7/11/2023,30.97848466,0.1925,0.2225,0.35
7/12/2023,30.72952986,0.1925,0.2225,0.35
7/13/2023,30.5673784,0.1925,0.2225,0.35
7/14/2023,30.96003539,0.1925,0.2225,0.35
7/15/2023,31.28516843,0.1925,0.2225,0.35
7/16/2023,30.89906204,0.1925,0.2225,0.35
7/17/2023,31.02954682,0.1925,0.2225,0.35
7/18/2023,30.91264264,0.1925,0.2225,0.35
7/19/2023,30.88472155,0.1925,0.2225,0.35
7/20/2023,31.04199732,0.1925,0.2225,0.35
7/21/2023,30.85515258,0.1925,0.2225,0.35
7/22/2023,30.94131211,0.1925,0.2225,0.35
7/23/2023,30.94970231,0.1925,0.2225,0.35
7/24/2023,30.79678002,0.1925,0.2225,0.35
7/25/2023,31.05327054,0.1925,0.2225,0.35
7/26/2023,30.87296872,0.1925,0.2225,0.35
7/27/2023,30.78323737,0.1925,0.2225,0.35
7/28/2023,30.98289077,0.1925,0.2225,0.35
7/29/2023,30.7611867,0.1925,0.2225,0.35
7/30/2023,30.90435399,0.1925,0.2225,0.35
7/31/2023,30.89859112,0.1925,0.2225,0.35
8/1/2023,31.06777086,0.1925,0.2225,0.35
8/2/2023,30.97334088,0.1925,0.2225,0.35
8/3/2023,30.89613333,0.1925,0.2225,0.35
8/4/2023,31.02634489,0.1925,0.2225,0.35
8/5/2023,31.11478707,0.1925,0.2225,0.35
8/6/2023,30.98618169,0.1925,0.2225,0.35
8/7/2023,30.90159948,0.1925,0.2225,0.35
8/8/2023,30.6973213,0.1925,0.2225,0.35
8/9/2023,30.73543994,0.1925,0.2225,0.35
8/10/2023,30.85284278,0.1925,0.2225,0.35
8/11/2023,30.80583036,0.1925,0.2225,0.35
8/12/2023,30.87111293,0.1925,0.2225,0.35
8/13/2023,30.90875241,0.1925,0.2225,0.35
8/14/2023,30.98183753,0.1925,0.2225,0.35
8/15/2023,30.88910794,0.1925,0.2225,0.35
8/16/2023,30.9751645,0.1925,0.2225,0.35
8/17/2023,30.9099613,0.1925,0.2225,0.35
8/18/2023,30.59479042,0.1925,0.2225,0.35
8/19/2023,30.75487268,0.1925,0.2225,0.35
8/20/2023,30.87773847,0.1925,0.2225,0.35
8/21/2023,30.71310216,0.1925,0.2225,0.35
8/22/2023,30.99268899,0.1925,0.2225,0.35
8/23/2023,31.136501,0.1925,0.2225,0.35
8/24/2023,31.08829871,0.1925,0.2225,0.35
8/25/2023,30.86702308,0.1925,0.2225,0.35
8/26/2023,31.13031719,0.1925,0.2225,0.35
8/27/2023,30.92296912,0.1925,0.2225,0.35
8/28/2023,30.84792022,0.1925,0.2225,0.35
8/29/2023,30.80522929,0.1925,0.2225,0.35
8/30/2023,30.85326843,0.1925,0.2225,0.35
8/31/2023,30.84002668,0.1925,0.2225,0.35
9/1/2023,30.92632931,0.1925,0.2225,0.35
9/2/2023,30.92480868,0.1925,0.2225,0.35
9/3/2023,30.90047061,0.1925,0.2225,0.35
9/4/2023,30.96750695,0.1925,0.2225,0.35
9/5/2023,31.08395485,0.1925,0.2225,0.35
9/6/2023,31.04670611,0.1925,0.2225,0.35
9/7/2023,30.67058326,0.1925,0.2225,0.35
9/8/2023,30.50541918,0.1925,0.2225,0.35
9/9/2023,31.04435243,0.1925,0.2225,0.35
9/10/2023,30.68881724,0.1925,0.2225,0.35
9/11/2023,30.86527375,0.1925,0.2225,0.35
9/12/2023,30.71921754,0.1925,0.2225,0.35
9/13/2023,30.62159402,0.1925,0.2225,0.35
9/14/2023,30.98365599,0.1925,0.2225,0.35
9/15/2023,31.01728947,0.1925,0.2225,0.35
9/16/2023,30.81092914,0.1925,0.2225,0.35
9/17/2023,30.49968397,0.1925,0.2225,0.35
9/18/2023,30.81560523,0.1925,0.2225,0.35
9/19/2023,30.96053372,0.1925,0.2225,0.35
9/20/2023,30.67150816,0.1925,0.2225,0.35
9/21/2023,30.92832911,0.1925,0.2225,0.35
9/22/2023,30.89763463,0.1925,0.2225,0.35
9/23/2023,30.98950054,0.1925,0.2225,0.35
9/24/2023,30.91847517,0.1925,0.2225,0.35
9/25/2023,30.74966085,0.1925,0.2225,0.35
9/26/2023,31.0848703,0.1925,0.2225,0.35
9/27/2023,30.87550718,0.1925,0.2225,0.35
9/28/2023,30.89578145,0.1925,0.2225,0.35
9/29/2023,30.7558101,0.1925,0.2225,0.35
9/30/2023,30.83151289,0.1925,0.2225,0.35
10/1/2023,30.76329798,0.1925,0.2225,0.35
10/2/2023,30.87327983,0.1925,0.2225,0.35
10/3/2023,31.16445896,0.1925,0.2225,0.35
10/4/2023,30.68804127,0.1925,0.2225,0.35
10/5/2023,30.65070476,0.1925,0.2225,0.35
10/6/2023,31.12729582,0.1925,0.2225,0.35
10/7/2023,30.86765949,0.1925,0.2225,0.35
10/8/2023,30.79662826,0.1925,0.2225,0.35
10/9/2023,31.06066527,0.1925,0.2225,0.35
10/10/2023,30.8064324,0.1925,0.2225,0.35
10/11/2023,31.1821185,0.1925,0.2225,0.35
10/12/2023,31.00473955,0.1925,0.2225,0.35
10/13/2023,30.82461769,0.1925,0.2225,0.35
10/14/2023,31.23330412,0.1925,0.2225,0.35
10/15/2023,30.80641704,0.1925,0.2225,0.35
10/16/2023,31.01465373,0.1925,0.2225,0.35
10/17/2023,30.9462407,0.1925,0.2225,0.35
10/18/2023,31.10111903,0.1925,0.2225,0.35
10/19/2023,31.14125348,0.1925,0.2225,0.35
10/20/2023,30.90494464,0.1925,0.2225,0.35
10/21/2023,30.78359694,0.1925,0.2225,0.35
10/22/2023,30.9710657,0.1925,0.2225,0.35
10/23/2023,30.79529298,0.1925,0.2225,0.35
10/24/2023,31.21106833,0.1925,0.2225,0.35
10/25/2023,30.92109471,0.1925,0.2225,0.35
10/26/2023,30.84355782,0.1925,0.2225,0.35
10/27/2023,30.92853311,0.1925,0.2225,0.35
10/28/2023,30.69186899,0.1925,0.2225,0.35
10/29/2023,30.74988563,0.1925,0.2225,0.35
10/30/2023,31.08546395,0.1925,0.2225,0.35
10/31/2023,30.79850983,0.1925,0.2225,0.35
11/1/2023,30.73825225,0.1925,0.2225,0.35
11/2/2023,30.98291285,0.1925,0.2225,0.35
11/3/2023,31.08319129,0.1925,0.2225,0.35
11/4/2023,31.01107829,0.1925,0.2225,0.35
11/5/2023,31.05388937,0.1925,0.2225,0.35
11/6/2023,30.78307516,0.1925,0.2225,0.35
11/7/2023,30.68033025,0.1925,0.2225,0.35
11/8/2023,31.13195605,0.1925,0.2225,0.35
11/9/2023,30.85014596,0.1925,0.2225,0.35
11/10/2023,30.8612463,0.1925,0.2225,0.35
11/11/2023,31.10520599,0.1925,0.2225,0.35
11/12/2023,30.98593754,0.1925,0.2225,0.35
11/13/2023,30.97043466,0.1925,0.2225,0.35
11/14/2023,31.23449286,0.1925,0.2225,0.35
11/15/2023,30.80057643,0.1925,0.2225,0.35
11/16/2023,31.0433513,0.1925,0.2225,0.35
11/17/2023,30.90880853,0.1925,0.2225,0.35
11/18/2023,30.94149751,0.1925,0.2225,0.35
11/19/2023,31.13614837,0.1925,0.2225,0.35
11/20/2023,30.97846062,0.1925,0.2225,0.35
11/21/2023,30.98316674,0.1925,0.2225,0.35
11/22/2023,31.06570238,0.1925,0.2225,0.35
11/23/2023,30.8436148,0.1925,0.2225,0.35
11/24/2023,30.77034211,0.1925,0.2225,0.35
11/25/2023,30.73857698,0.1925,0.2225,0.35
11/26/2023,30.59619791,0.1925,0.2225,0.35
11/27/2023,31.217684,0.1925,0.2225,0.35
11/28/2023,30.72955431,0.1925,0.2225,0.35
11/29/2023,30.86581632,0.1925,0.2225,0.35
11/30/2023,30.85723235,0.1925,0.2225,0.35
12/1/2023,30.94749433,0.1925,0.2225,0.35
12/2/2023,31.0260314,0.1925,0.2225,0.35
12/3/2023,31.03294315,0.1925,0.2225,0.35
12/4/2023,30.80991454,0.1925,0.2225,0.35
12/5/2023,30.8741797,0.1925,0.2225,0.35
12/6/2023,30.9436586,0.1925,0.2225,0.35
12/7/2023,30.86157722,0.1925,0.2225,0.35
12/8/2023,31.14833489,0.1925,0.2225,0.35
12/9/2023,30.97585563,0.1925,0.2225,0.35
12/10/2023,31.01353862,0.1925,0.2225,0.35
12/11/2023,31.00241516,0.1925,0.2225,0.35
12/12/2023,31.08130171,0.1925,0.2225,0.35
12/13/2023,30.92796783,0.1925,0.2225,0.35
12/14/2023,30.69963946,0.1925,0.2225,0.35
12/15/2023,30.96175179,0.1925,0.2225,0.35
12/16/2023,30.79936536,0.1925,0.2225,0.35
12/17/2023,30.81832872,0.1925,0.2225,0.35
12/18/2023,30.99059324,0.1925,0.2225,0.35
12/19/2023,31.09131473,0.1925,0.2225,0.35
12/20/2023,30.90328646,0.1925,0.2225,0.35
12/21/2023,30.9477147,0.1925,0.2225,0.35
12/22/2023,31.16299221,0.1925,0.2225,0.35
12/23/2023,30.93719637,0.1925,0.2225,0.35
12/24/2023,31.30196004,0.1925,0.2225,0.35
12/25/2023,30.98737124,0.1925,0.2225,0.35
12/26/2023,30.62796215,0.1925,0.2225,0.35
12/27/2023,31.01639128,0.1925,0.2225,0.35
12/28/2023,30.95888897,0.1925,0.2225,0.35
12/29/2023,31.0992668,0.1925,0.2225,0.35
12/30/2023,31.00400652,0.1925,0.2225,0.35
12/31/2023,30.87860855,0.1925,0.2225,0.35
1/1/2024,30.71084592,0.1925,0.2225,0.35
1/2/2024,30.86770591,0.1925,0.2225,0.35
1/3/2024,30.76859459,0.1925,0.2225,0.35
1/4/2024,30.81030913,0.1925,0.2225,0.35
1/5/2024,30.99093536,0.1925,0.2225,0.35
1/6/2024,31.15800025,0.1925,0.2225,0.35
1/7/2024,30.96097675,0.1925,0.2225,0.35
1/8/2024,30.71523607,0.1925,0.2225,0.35
1/9/2024,30.96869111,0.1925,0.2225,0.35
1/10/2024,31.08487956,0.1925,0.2225,0.35
1/11/2024,30.80578854,0.1925,0.2225,0.35
1/12/2024,30.87929435,0.1925,0.2225,0.35
1/13/2024,30.90226933,0.1925,0.2225,0.35
1/14/2024,30.77873321,0.1925,0.2225,0.35
1/15/2024,31.00015933,0.1925,0.2225,0.35
1/16/2024,30.88131351,0.1925,0.2225,0.35
1/17/2024,30.96481776,0.1925,0.2225,0.35
1/18/2024,30.76288246,0.1925,0.2225,0.35
1/19/2024,30.83241269,0.1925,0.2225,0.35
1/20/2024,31.01160792,0.1925,0.2225,0.35
1/21/2024,30.84239728,0.1925,0.2225,0.35
1/22/2024,31.16681592,0.1925,0.2225,0.35
1/23/2024,30.83825621,0.1925,0.2225,0.35
1/24/2024,30.93471379,0.1925,0.2225,0.35
1/25/2024,31.04408528,0.1925,0.2225,0.35
1/26/2024,30.68086249,0.1925,0.2225,0.35
1/27/2024,30.62795504,0.1925,0.2225,0.35
1/28/2024,30.6642861,0.1925,0.2225,0.35
1/29/2024,31.09506924,0.1925,0.2225,0.35
1/30/2024,30.81473792,0.1925,0.2225,0.35
1/31/2024,31.29524179,0.1925,0.2225,0.35
2/1/2024,30.81282375,0.1925,0.2225,0.35
2/2/2024,30.92851318,0.1925,0.2225,0.35
2/3/2024,31.13825599,0.1925,0.2225,0.35
2/4/2024,31.20994135,0.1925,0.2225,0.35
2/5/2024,31.2185023,0.1925,0.2225,0.35
2/6/2024,31.08669258,0.1925,0.2225,0.35
2/7/2024,31.05821766,0.1925,0.2225,0.35
2/8/2024,30.99154541,0.1925,0.2225,0.35
2/9/2024,31.02025679,0.1925,0.2225,0.35
2/10/2024,30.81484181,0.1925,0.2225,0.35
2/11/2024,30.77358827,0.1925,0.2225,0.35
2/12/2024,30.89947865,0.1925,0.2225,0.35
2/13/2024,30.87370648,0.1925,0.2225,0.35
2/14/2024,30.82997627,0.1925,0.2225,0.35
2/15/2024,31.00759186,0.1925,0.2225,0.35
2/16/2024,31.04759465,0.1925,0.2225,0.35
2/17/2024,30.91365886,0.1925,0.2225,0.35
2/18/2024,31.1282784,0.1925,0.2225,0.35
2/19/2024,30.72360903,0.1925,0.2225,0.35
2/20/2024,30.87007961,0.1925,0.2225,0.35
2/21/2024,30.78925095,0.1925,0.2225,0.35
2/22/2024,30.61162009,0.1925,0.2225,0.35
2/23/2024,30.88722583,0.1925,0.2225,0.35
2/24/2024,30.88119001,0.1925,0.2225,0.35
2/25/2024,31.13382799,0.1925,0.2225,0.35
2/26/2024,30.99746041,0.1925,0.2225,0.35
2/27/2024,30.74176314,0.1925,0.2225,0.35
2/28/2024,31.1864573,0.1925,0.2225,0.35
2/29/2024,31.08864971,0.1925,0.2225,0.35
3/1/2024,30.9899341,0.1925,0.2225,0.35
3/2/2024,30.86500821,0.1925,0.2225,0.35
3/3/2024,30.75176664,0.1925,0.2225,0.35
3/4/2024,30.84249405,0.1925,0.2225,0.35
3/5/2024,31.06821166,0.1925,0.2225,0.35
3/6/2024,48.45230071,0.2725,0.3025,0.35
3/7/2024,48.37037845,0.2725,0.3025,0.35
3/8/2024,47.88267614,0.2725,0.3025,0.35
3/9/2024,47.73129182,0.2725,0.3025,0.35
3/10/2024,48.0338127,0.2725,0.3025,0.35
3/11/2024,47.57557455,0.2725,0.3025,0.35
3/12/2024,48.07756025,0.2725,0.3025,0.35
3/13/2024,47.96457538,0.2725,0.3025,0.35
3/14/2024,47.88815124,0.2725,0.3025,0.35
3/15/2024,47.61727126,0.2725,0.3025,0.35
3/16/2024,48.12326403,0.2725,0.3025,0.35
3/17/2024,47.8721518,0.2725,0.3025,0.35
3/18/2024,47.71921996,0.2725,0.3025,0.35
3/19/2024,47.31065707,0.2725,0.3025,0.35
3/20/2024,47.99339642,0.2725,0.3025,0.35
3/21/2024,48.42534038,0.2725,0.3025,0.35
3/22/2024,48.39870221,0.2725,0.3025,0.35
3/23/2024,47.8902969,0.2725,0.3025,0.35
3/24/2024,47.85546911,0.2725,0.3025,0.35
3/25/2024,48.11250582,0.2725,0.3025,0.35
3/26/2024,47.76038749,0.2725,0.3025,0.35
3/27/2024,48.07243006,0.2725,0.3025,0.35
3/28/2024,48.18385927,0.2725,0.3025,0.35
3/29/2024,48.29446397,0.2725,0.3025,0.35
3/30/2024,47.97596302,0.2725,0.3025,0.35
3/31/2024,47.9511183,0.2725,0.3025,0.35
4/1/2024,47.78928418,0.2725,0.3025,0.35
4/2/2024,47.80154872,0.2725,0.3025,0.35
4/3/2024,47.94564507,0.2725,0.3025,0.35
4/4/2024,48.08816772,0.2725,0.3025,0.35
4/5/2024,48.21926031,0.2725,0.3025,0.35
4/6/2024,47.80723705,0.2725,0.3025,0.35
4/7/2024,48.35824526,0.2725,0.3025,0.35
4/8/2024,47.93493034,0.2725,0.3025,0.35
4/9/2024,47.99487185,0.2725,0.3025,0.35
4/10/2024,47.8206692,0.2725,0.3025,0.35
4/11/2024,47.41818234,0.2725,0.3025,0.35
4/12/2024,48.2121709,0.2725,0.3025,0.35
4/13/2024,48.17684254,0.2725,0.3025,0.35
4/14/2024,47.93248139,0.2725,0.3025,0.35
4/15/2024,48.01607777,0.2725,0.3025,0.35
4/16/2024,48.12382541,0.2725,0.3025,0.35
4/17/2024,47.62498899,0.2725,0.3025,0.35
4/18/2024,47.87302736,0.2725,0.3025,0.35
4/19/2024,48.19062352,0.2725,0.3025,0.35
4/20/2024,47.69897054,0.2725,0.3025,0.35
4/21/2024,48.0704539,0.2725,0.3025,0.35
4/22/2024,47.67442037,0.2725,0.3025,0.35
4/23/2024,48.1119432,0.2725,0.3025,0.35
4/24/2024,47.99144604,0.2725,0.3025,0.35
4/25/2024,47.61236836,0.2725,0.3025,0.35
4/26/2024,48.27953745,0.2725,0.3025,0.35
4/27/2024,47.82369802,0.2725,0.3025,0.35
4/28/2024,47.80553942,0.2725,0.3025,0.35
4/29/2024,48.04813661,0.2725,0.3025,0.35
4/30/2024,48.27567296,0.2725,0.3025,0.35
5/1/2024,47.75620276,0.2725,0.3025,0.35
5/2/2024,48.01480316,0.2725,0.3025,0.35
5/3/2024,48.10291596,0.2725,0.3025,0.35
5/4/2024,48.16634535,0.2725,0.3025,0.35
5/5/2024,48.04234597,0.2725,0.3025,0.35
5/6/2024,47.91191332,0.2725,0.3025,0.35
5/7/2024,47.80137835,0.2725,0.3025,0.35
5/8/2024,48.02067453,0.2725,0.3025,0.35
5/9/2024,47.74268664,0.2725,0.3025,0.35
5/10/2024,47.29887588,0.2725,0.3025,0.35
5/11/2024,48.10477435,0.2725,0.3025,0.35
5/12/2024,48.21694436,0.2725,0.3025,0.35
5/13/2024,47.43289622,0.2725,0.3025,0.35
5/14/2024,47.75766463,0.2725,0.3025,0.35
5/15/2024,48.14859702,0.2725,0.3025,0.35
5/16/2024,48.49379891,0.2725,0.3025,0.35
5/17/2024,48.00499049,0.2725,0.3025,0.35
5/18/2024,47.82527929,0.2725,0.3025,0.35
5/19/2024,47.95610485,0.2725,0.3025,0.35
5/20/2024,48.32997034,0.2725,0.3025,0.35
5/21/2024,47.8449686,0.2725,0.3025,0.35
5/22/2024,47.80819392,0.2725,0.3025,0.35
5/23/2024,47.88414155,0.2725,0.3025,0.35
5/24/2024,47.77120113,0.2725,0.3025,0.35
5/25/2024,48.02944088,0.2725,0.3025,0.35
5/26/2024,48.38992283,0.2725,0.3025,0.35
5/27/2024,48.07753903,0.2725,0.3025,0.35
5/28/2024,47.93943516,0.2725,0.3025,0.35
5/29/2024,47.9299653,0.2725,0.3025,0.35
5/30/2024,47.62483421,0.2725,0.3025,0.35
5/31/2024,48.21194635,0.2725,0.3025,0.35
6/1/2024,47.98131907,0.2725,0.3025,0.35
6/2/2024,47.95668482,0.2725,0.3025,0.35
6/3/2024,48.76634582,0.2725,0.3025,0.35
6/4/2024,48.0717007,0.2725,0.3025,0.35
6/5/2024,47.81957015,0.2725,0.3025,0.35
6/6/2024,47.89767418,0.2725,0.3025,0.35
6/7/2024,48.27562697,0.2725,0.3025,0.35
6/8/2024,48.0271849,0.2725,0.3025,0.35
6/9/2024,47.65481329,0.2725,0.3025,0.35
6/10/2024,48.22061494,0.2725,0.3025,0.35
6/11/2024,47.83964542,0.2725,0.3025,0.35
6/12/2024,48.44959147,0.2725,0.3025,0.35
6/13/2024,48.25921154,0.2725,0.3025,0.35
6/14/2024,47.89264275,0.2725,0.3025,0.35
6/15/2024,48.30744393,0.2725,0.3025,0.35
6/16/2024,48.01628532,0.2725,0.3025,0.35
6/17/2024,48.20466568,0.2725,0.3025,0.35
6/18/2024,48.11633588,0.2725,0.3025,0.35
6/19/2024,47.7968744,0.2725,0.3025,0.35
6/20/2024,47.84554804,0.2725,0.3025,0.35
6/21/2024,48.2471906,0.2725,0.3025,0.35
6/22/2024,47.91965392,0.2725,0.3025,0.35
6/23/2024,47.90312437,0.2725,0.3025,0.35
6/24/2024,47.77077058,0.2725,0.3025,0.35
6/25/2024,48.10166378,0.2725,0.3025,0.35
6/26/2024,48.49500598,0.2725,0.3025,0.35
6/27/2024,47.7437921,0.2725,0.3025,0.35
6/28/2024,48.00581267,0.2725,0.3025,0.35
6/29/2024,48.33893293,0.2725,0.3025,0.35
6/30/2024,47.98088607,0.2725,0.3025,0.35
7/1/2024,48.10856923,0.2725,0.3025,0.35
7/2/2024,47.74502555,0.2725,0.3025,0.35
7/3/2024,48.1027937,0.2725,0.3025,0.35
7/4/2024,47.95508538,0.2725,0.3025,0.35
7/5/2024,48.2365752,0.2725,0.3025,0.35
7/6/2024,48.28497265,0.2725,0.3025,0.35
7/7/2024,48.62149527,0.2725,0.3025,0.35
7/8/2024,48.13911196,0.2725,0.3025,0.35
7/9/2024,48.07819112,0.2725,0.3025,0.35
7/10/2024,48.04665223,0.2725,0.3025,0.35
7/11/2024,47.91524009,0.2725,0.3025,0.35
7/12/2024,48.08123612,0.2725,0.3025,0.35
7/13/2024,47.92910366,0.2725,0.3025,0.35
7/14/2024,48.04043063,0.2725,0.3025,0.35
7/15/2024,48.31622341,0.2725,0.3025,0.35
7/16/2024,47.75842978,0.2725,0.3025,0.35
7/17/2024,48.27357085,0.2725,0.3025,0.35
7/18/2024,48.31610762,0.2725,0.3025,0.35
7/19/2024,47.97166355,0.2725,0.3025,0.35
7/20/2024,47.49075482,0.2725,0.3025,0.35
7/21/2024,47.85412272,0.2725,0.3025,0.35
7/22/2024,48.31127869,0.2725,0.3025,0.35
7/23/2024,47.99451167,0.2725,0.3025,0.35
7/24/2024,47.76016746,0.2725,0.3025,0.35
7/25/2024,47.87885402,0.2725,0.3025,0.35
7/26/2024,48.20174881,0.2725,0.3025,0.35
7/27/2024,48.13121606,0.2725,0.3025,0.35
7/28/2024,47.9426563,0.2725,0.3025,0.35
7/29/2024,47.91196214,0.2725,0.3025,0.35
7/30/2024,47.90597804,0.2725,0.3025,0.35
7/31/2024,47.77862156,0.2725,0.3025,0.35
8/1/2024,48.38769017,0.2725,0.3025,0.35
8/2/2024,47.92264309,0.2725,0.3025,0.35
8/3/2024,48.29211804,0.2725,0.3025,0.35
8/4/2024,48.36511585,0.2725,0.3025,0.35
8/5/2024,48.23959462,0.2725,0.3025,0.35
8/6/2024,47.89641112,0.2725,0.3025,0.35
8/7/2024,48.09689522,0.2725,0.3025,0.35
8/8/2024,47.99419305,0.2725,0.3025,0.35
8/9/2024,47.78311155,0.2725,0.3025,0.35
8/10/2024,48.07784623,0.2725,0.3025,0.35
8/11/2024,47.71703045,0.2725,0.3025,0.35
8/12/2024,48.28504305,0.2725,0.3025,0.35
8/13/2024,47.88849185,0.2725,0.3025,0.35
8/14/2024,48.04827832,0.2725,0.3025,0.35
8/15/2024,48.06798909,0.2725,0.3025,0.35
8/16/2024,47.93786281,0.2725,0.3025,0.35
8/17/2024,48.14080651,0.2725,0.3025,0.35
8/18/2024,47.88602312,0.2725,0.3025,0.35
8/19/2024,48.20911135,0.2725,0.3025,0.35
8/20/2024,47.67696488,0.2725,0.3025,0.35
8/21/2024,48.0303311,0.2725,0.3025,0.35
8/22/2024,48.46534296,0.2725,0.3025,0.35
8/23/2024,47.75992048,0.2725,0.3025,0.35
8/24/2024,47.83734121,0.2725,0.3025,0.35
8/25/2024,48.12333788,0.2725,0.3025,0.35
8/26/2024,48.04309963,0.2725,0.3025,0.35
8/27/2024,48.08415122,0.2725,0.3025,0.35
8/28/2024,48.11740491,0.2725,0.3025,0.35
8/29/2024,48.15233315,0.2725,0.3025,0.35
8/30/2024,48.26632796,0.2725,0.3025,0.35
8/31/2024,48.09835648,0.2725,0.3025,0.35
9/1/2024,47.94209816,0.2725,0.3025,0.35
9/2/2024,48.16141769,0.2725,0.3025,0.35
9/3/2024,48.45597166,0.2725,0.3025,0.35
9/4/2024,47.9681679,0.2725,0.3025,0.35
9/5/2024,47.76611297,0.2725,0.3025,0.35
9/6/2024,48.26569936,0.2725,0.3025,0.35
9/7/2024,47.97110852,0.2725,0.3025,0.35
9/8/2024,47.47855931,0.2725,0.3025,0.35
9/9/2024,48.2033812,0.2725,0.3025,0.35
9/10/2024,47.87152124,0.2725,0.3025,0.35
9/11/2024,47.97827201,0.2725,0.3025,0.35
9/12/2024,48.07967528,0.2725,0.3025,0.35
9/13/2024,48.04571992,0.2725,0.3025,0.35
9/14/2024,48.17026844,0.2725,0.3025,0.35
9/15/2024,47.89548327,0.2725,0.3025,0.35
9/16/2024,48.12314539,0.2725,0.3025,0.35
9/17/2024,47.9377088,0.2725,0.3025,0.35
9/18/2024,48.17731452,0.2725,0.3025,0.35
9/19/2024,48.1476882,0.2725,0.3025,0.35
9/20/2024,47.77549471,0.2725,0.3025,0.35
9/21/2024,48.26063571,0.2725,0.3025,0.35
9/22/2024,47.87136877,0.2725,0.3025,0.35
9/23/2024,48.19393387,0.2725,0.3025,0.35
9/24/2024,48.08814896,0.2725,0.3025,0.35
9/25/2024,48.44116408,0.2725,0.3025,0.35
9/26/2024,47.94636816,0.2725,0.3025,0.35
9/27/2024,47.91616397,0.2725,0.3025,0.35
9/28/2024,47.99533929,0.2725,0.3025,0.35
9/29/2024,47.92723685,0.2725,0.3025,0.35
9/30/2024,48.19198606,0.2725,0.3025,0.35
10/1/2024,47.61208545,0.2725,0.3025,0.35
10/2/2024,47.74711622,0.2725,0.3025,0.35
10/3/2024,47.7437273,0.2725,0.3025,0.35
10/4/2024,48.22807382,0.2725,0.3025,0.35
10/5/2024,48.41054721,0.2725,0.3025,0.35
10/6/2024,47.97493219,0.2725,0.3025,0.35
10/7/2024,47.95948279,0.2725,0.3025,0.35
10/8/2024,48.01681252,0.2725,0.3025,0.35
10/9/2024,48.27885079,0.2725,0.3025,0.35
10/10/2024,47.77743525,0.2725,0.3025,0.35
10/11/2024,48.05720856,0.2725,0.3025,0.35
10/12/2024,48.23404743,0.2725,0.3025,0.35
10/13/2024,48.1202626,0.2725,0.3025,0.35
10/14/2024,48.04549959,0.2725,0.3025,0.35
10/15/2024,48.24025106,0.2725,0.3025,0.35
10/16/2024,47.35122425,0.2725,0.3025,0.35
10/17/2024,48.16269008,0.2725,0.3025,0.35
10/18/2024,47.84302184,0.2725,0.3025,0.35
10/19/2024,47.5606481,0.2725,0.3025,0.35
10/20/2024,48.12268862,0.2725,0.3025,0.35
10/21/2024,48.32967805,0.2725,0.3025,0.35
10/22/2024,47.96701236,0.2725,0.3025,0.35
10/23/2024,48.22868989,0.2725,0.3025,0.35
10/24/2024,48.38694678,0.2725,0.3025,0.35
10/25/2024,48.31557947,0.2725,0.3025,0.35
10/26/2024,48.39359149,0.2725,0.3025,0.35
10/27/2024,48.1781106,0.2725,0.3025,0.35
10/28/2024,48.01810407,0.2725,0.3025,0.35
10/29/2024,47.61552821,0.2725,0.3025,0.35
10/30/2024,47.940945,0.2725,0.3025,0.35
10/31/2024,47.79762082,0.2725,0.3025,0.35
11/1/2024,48.52102625,0.2725,0.3025,0.35
11/2/2024,47.95778741,0.2725,0.3025,0.35
11/3/2024,48.02956915,0.2725,0.3025,0.35
11/4/2024,48.13235649,0.2725,0.3025,0.35
11/5/2024,48.01046459,0.2725,0.3025,0.35
11/6/2024,48.40681225,0.2725,0.3025,0.35
11/7/2024,47.85056415,0.2725,0.3025,0.35
11/8/2024,48.04670579,0.2725,0.3025,0.35
11/9/2024,47.82180706,0.2725,0.3025,0.35
11/10/2024,47.6831946,0.2725,0.3025,0.35
11/11/2024,47.85317542,0.2725,0.3025,0.35
11/12/2024,47.99111117,0.2725,0.3025,0.35
11/13/2024,47.89696747,0.2725,0.3025,0.35
11/14/2024,47.83381896,0.2725,0.3025,0.35
11/15/2024,47.66248381,0.2725,0.3025,0.35
11/16/2024,47.98005466,0.2725,0.3025,0.35
11/17/2024,47.63886711,0.2725,0.3025,0.35
11/18/2024,48.18241343,0.2725,0.3025,0.35
11/19/2024,48.01978554,0.2725,0.3025,0.35
11/20/2024,47.65018764,0.2725,0.3025,0.35
11/21/2024,47.92578982,0.2725,0.3025,0.35
11/22/2024,47.81948246,0.2725,0.3025,0.35
11/23/2024,48.07660188,0.2725,0.3025,0.35
11/24/2024,48.32170811,0.2725,0.3025,0.35
11/25/2024,47.54995861,0.2725,0.3025,0.35
11/26/2024,48.02760626,0.2725,0.3025,0.35
11/27/2024,47.96156813,0.2725,0.3025,0.35
11/28/2024,48.16112162,0.2725,0.3025,0.35
11/29/2024,48.05116719,0.2725,0.3025,0.35
11/30/2024,47.81952736,0.2725,0.3025,0.35
12/1/2024,47.92342706,0.2725,0.3025,0.35
12/2/2024,47.80895379,0.2725,0.3025,0.35
12/3/2024,48.25824171,0.2725,0.3025,0.35
12/4/2024,48.0051148,0.2725,0.3025,0.35
12/5/2024,48.45628576,0.2725,0.3025,0.35
12/6/2024,47.9854414,0.2725,0.3025,0.35
12/7/2024,47.82998238,0.2725,0.3025,0.35
12/8/2024,47.63670855,0.2725,0.3025,0.35
12/9/2024,47.56724648,0.2725,0.3025,0.35
12/10/2024,47.61980737,0.2725,0.3025,0.35
12/11/2024,48.0641104,0.2725,0.3025,0.35
12/12/2024,48.12209401,0.2725,0.3025,0.35
12/13/2024,47.62051423,0.2725,0.3025,0.35
12/14/2024,48.2148092,0.2725,0.3025,0.35
12/15/2024,47.88406535,0.2725,0.3025,0.35
12/16/2024,48.03523032,0.2725,0.3025,0.35
12/17/2024,48.38693295,0.2725,0.3025,0.35
12/18/2024,48.21524144,0.2725,0.3025,0.35
12/19/2024,47.93555264,0.2725,0.3025,0.35
12/20/2024,47.78611387,0.2725,0.3025,0.35
12/21/2024,47.4835643,0.2725,0.3025,0.35
12/22/2024,47.8274032,0.2725,0.3025,0.35
12/23/2024,47.94932874,0.2725,0.3025,0.35
12/24/2024,47.76307691,0.2725,0.3025,0.35
12/25/2024,47.96849833,0.2725,0.3025,0.35
12/26/2024,48.01844445,0.2725,0.3025,0.35
12/27/2024,47.94603456,0.2725,0.3025,0.35
12/28/2024,47.84399938,0.2725,0.3025,0.35
12/29/2024,48.04047712,0.2725,0.3025,0.35
12/30/2024,48.10606576,0.2725,0.3025,0.35
12/31/2024,47.73830422,0.2725,0.3025,0.35
